#include <iostream>
#include <iomanip>
#include <sstream>
#include <cmath>
#include <algorithm>
#include <vector>
using namespace std;
//测试
//qq108201645
//by c_cpp123

#if defined(_WIN32)||defined(_WIN64)
#include <SDL.h>
#include <SDL_ttf.h>
#else
#include <SDL2/SDL.h>
#include <SDL2/SDL_ttf.h>
#endif



/* 屏幕宽高 */
/* 限制物体的运动空间 */
int SCREEN_WIDTH = 800, SCREEN_HEIGHT = 800;
const int SCREEN_TICK_PER_FRAME = 1000 / 60;

/* 我们将渲染到的窗口 */
SDL_Window *gWindow;

TTF_Font *font;
const int fontLength = 25776;
extern unsigned char FontData[fontLength];
/* 包含的窗口表面 */
SDL_Surface *gScreenSurface;

void init()
{
	/* 初始化 */
	SDL_Init(SDL_INIT_VIDEO);

#if !defined(_WIN32)

	SDL_DisplayMode dm;
	/* 获取当前屏幕大小 */
	SDL_GetCurrentDisplayMode(0, &dm);
	SCREEN_WIDTH = dm.w, SCREEN_HEIGHT = dm.h;
#endif
	/* 创建窗口，包含标题，x与y坐标，高与宽，创建后的参数（显示）
	 */
	gWindow = SDL_CreateWindow("vertex rotate", SDL_WINDOWPOS_UNDEFINED,
		SDL_WINDOWPOS_UNDEFINED, SCREEN_WIDTH, SCREEN_HEIGHT,
		SDL_WINDOW_SHOWN);
	SDL_SetWindowSize(gWindow, SCREEN_WIDTH, SCREEN_HEIGHT);
	/* 获取窗口表面进行绘制 */
	gScreenSurface = SDL_GetWindowSurface(gWindow);

	TTF_Init();

	SDL_RWops *p = SDL_RWFromMem((void*)FontData, fontLength);
#if defined(__ANDROID__)
	font = TTF_OpenFontRW(p, 1, 42);
#else
	font = TTF_OpenFontRW(p, 1, 32);
#endif

}

void close()
{
	TTF_CloseFont(font);
	SDL_FreeSurface(gScreenSurface);
	SDL_DestroyWindow(gWindow);
	TTF_Quit();
	SDL_Quit();
}
void showInfo(int x, int y, const char *str, float scale, SDL_Color color);
void SetInfo(int x, int y, const string& text, float scale, SDL_Color color = { 0,0,0 });
typedef struct Vec2
{
	float x, y;
} Vec2;

const string dir[] = { "top left ","top right ","bottom rigth ", "bottom left " };


struct Button {
	SDL_Rect r;
	bool leftMouseButtonDown = false;
	bool select = false;
	Vec2 clickOffset = { 0,0 };
	const SDL_Color color[4] = { {192, 192, 255},{255, 0, 0},{0, 255, 0},{0, 192, 255 } };
	int keyState;
	int count;
public:
	Button() {
		keyState = 0;
	}
	void set(float x, float y, float w, float h) {
		r = { (int)x,(int)y,(int)w,(int)h };
	}
	void set(float x)
	{
		r.x = x;
	}

	void draw() {
		SDL_FillRect(gScreenSurface, &r, SDL_MapRGB(gScreenSurface->format, color[keyState].r, color[keyState].g, color[keyState].b));

		if (keyState == 1) {
			if (SDL_GetTicks() - count > 200)
				keyState = 0;
		}
	}

	bool handle(SDL_Event &e) {
		bool state = false;
		int x = e.motion.x;
		int y = e.motion.y;

		if (e.type == SDL_MOUSEBUTTONDOWN || e.type == SDL_MOUSEMOTION || e.type == SDL_MOUSEBUTTONUP)
		{

			switch (e.type)
			{
			case SDL_MOUSEBUTTONDOWN:
			{
				leftMouseButtonDown = true;
				if (!(x < r.x || x >r.x + r.w || y<r.y || y>r.y + r.h))
				{
					clickOffset = { (float)x - (float)r.x, (float)y - (float)r.y };
					select = true;
					//state = true;
					keyState = 3;
				}

			}
			break;
			case SDL_MOUSEMOTION:
			{
				if (select &&leftMouseButtonDown)
				{
					//if (x - clickOffset.x >= 90 && x - clickOffset.x <= 450)
					{
						r.x = x - clickOffset.x;// , r.y = y - clickOffset.y;
						if (x - clickOffset.x < 90)
							r.x = 90;
						if (x - clickOffset.x > 450)
							r.x = 450;
						state = true;
					}
					keyState = 2;

				}


			}
			break;
			case SDL_MOUSEBUTTONUP:
			{
				if (leftMouseButtonDown &&select)
				{
					leftMouseButtonDown = select = false;
					state = false;
					keyState = 1;
					count = SDL_GetTicks();
				}
			}
			break;
			default:

				state = false;
				break;
			}
		}
		return state;
	}
};

struct Shape
{
	float scale = 0.5;
	float _centerX, _centerY;
	float _rotateX, _rotateY;
	float _x, _y;
	float _radius;
	std::vector<Button> b;
public:
	Shape(float x, float y, float r, float rx, float ry) :_x(x), _y(y), _radius(r), _rotateX(rx),
		_rotateY(ry)
	{
		_centerX = _x + _radius;
		_centerY = _y + _radius;
		b.resize(2);
#if defined(__ANDROID__)
		b[0].set(sx - 10 + _rotateX, sy - 30, 60, 60);
		b[01].set(sx - 10 + _rotateY, sy - 30 + 120, 60, 60);
#else
		b[0].set(sx - 10 + _rotateX, sy - 10, 20, 20);
		b[01].set(sx - 10 + _rotateY, sy - 10 + 40, 20, 20);
#endif

	}
	float getSkewX() { return _rotateX; }
	float getSkewY() { return _rotateY; }
	void setSkewX(float sx) { _rotateX = sx; }
	void setSkewY(float sy) { _rotateY = sy; }
	/* 布雷森漢姆直線演算法 */
	void draw_line(int x1, int y1, int x2, int y2, Uint32 color = 0xff000000)
	{
		uint32_t *pixels = (uint32_t *)gScreenSurface->pixels;
		int incx = 1, incy = 1;

		int dx = x2 - x1;
		int dy = y2 - y1;

		if (dx < 0)
			dx = -dx;
		if (dy < 0)
			dy = -dy;

		if (x2 < x1)
			incx = -1;
		if (y2 < y1)
			incy = -1;

		int x = x1;
		int y = y1;

		if (dx > dy)
		{
			// Slope less than 1
			if (!
				(x + y * SCREEN_WIDTH < 0 || x + y * SCREEN_WIDTH >= SCREEN_WIDTH * SCREEN_HEIGHT))
				pixels[x + y * SCREEN_WIDTH] = color;
			int e = 2 * dy - dx;
			for (int i = 0; i < dx; i++)
			{
				if (e >= 0)
				{
					y += incy;
					e += 2 * (dy - dx);
				}
				else
				{
					e += 2 * dy;
				}
				x += incx;
				if (!
					(x + y * SCREEN_WIDTH < 0
						|| x + y * SCREEN_WIDTH >= SCREEN_WIDTH * SCREEN_HEIGHT))
					pixels[x + y * SCREEN_WIDTH] = color;
			}

		}
		else
		{
			// Slope greater than 1
			if (!
				(x + y * SCREEN_WIDTH < 0 || x + y * SCREEN_WIDTH >= SCREEN_WIDTH * SCREEN_HEIGHT))
				pixels[x + y * SCREEN_WIDTH] = color;
			int e = 2 * dx - dy;
			for (int i = 0; i < dy; i++)
			{
				if (e >= 0)
				{
					x += incx;
					e += 2 * (dx - dy);;
				}
				else
					e += 2 * dx;
				y += incy;
				if (!
					(x + y * SCREEN_WIDTH < 0
						|| x + y * SCREEN_WIDTH >= SCREEN_WIDTH * SCREEN_HEIGHT))
					pixels[x + y * SCREEN_WIDTH] = color;
			}
		}
	}

	int sx = 100, sy = 700, dx = 460, dy = 700;

	void scroll_to() {
#if defined(__ANDROID__)
		SetInfo(sx - 60, sy - 10, "rotateX: ", scale);
		SetInfo(sx - 60, sy + 110, "rotateY: ", scale);
		draw_line(sx, sy, dx, dy);
		draw_line(sx, sy + 120, dx, dy + 120);
#else

		SetInfo(sx - 60, sy - 10, "rotateX: ", scale);
		SetInfo(sx - 60, sy + 30, "rotateY: ", scale);
		draw_line(sx, sy, dx, dy);
		draw_line(sx, sy + 40, dx, dy + 40);
#endif


		for (int i = 0; i < b.size(); ++i)
		{
			//b[i].set(sx - 10 + cr[i], sy - 10 + i * 40, 20, 20);
			b[i].draw();
		}


	}
	void handle(SDL_Event &e) {

		if (b[0].handle(e))
			if (_rotateX >= 0)
				_rotateX = b[0].r.x - 90;
			else
				_rotateX = -360 + b[0].r.x - 90;
		if (b[1].handle(e))
			if (_rotateY >= 0)
				_rotateY = b[1].r.x - 90;
			else
				_rotateY = -360 + b[1].r.x - 90;
		if (e.type == SDL_KEYDOWN)
		{
			switch (e.key.keysym.sym)
			{
			case SDLK_UP:
				_rotateY--;
				b[1].set((_rotateY >= 0 ? fmod(_rotateY, 360.0f) : 360 - fabs(_rotateY)) + sx - 10.0f);
				break;
			case SDLK_DOWN:

				_rotateY++;
				b[1].set((_rotateY >= 0 ? fmod(_rotateY, 360.0f) : 360 - fabs(_rotateY)) + sx - 10.0f);
				break;
			case SDLK_LEFT:
				_rotateX--;
				b[0].set((_rotateX >= 0 ? fmod(_rotateX, 361.0f) : 360.0f + _rotateX) + sx - 10.0f);
				break;
			case SDLK_RIGHT:

				_rotateX++;
				b[0].set((_rotateX >= 0 ? fmod(_rotateX, 361.0f) : 360.0f + _rotateX) + sx - 10.0f);
				break;
			default:
				break;
			}
		}
	}
	void drawRadius()
	{


		scroll_to();


		auto r = _radius;
		Vec2 rect[] = { {0, 0}, {r, 0}, {r, r}, {0, r} };
		auto radius = r / 2;

		_rotateX = fmod(_rotateX, 360);
		_rotateY = fmod(_rotateY, 360);
		// 		if (_rotateX == -0)
		// 			_rotateX = 0;
		// 		if (_rotateY == -0)
		// 			_rotateY = 0;
		float radiansX = -(_rotateX * 0.01745329252f);
		float radiansY = -(_rotateY * 0.01745329252f);
		float rotate_cosX = cosf(radiansX);
		float rotate_sinX = sinf(radiansX);
		float rotate_cosY = cosf(radiansY);
		float rotate_sinY = sinf(radiansY);





		ostringstream os;

		os << "center:{x:" << _x << " y:" << _y << "} radius:" << _radius / 2
			<< " ( rotateX:" << _rotateX << " rotateY:" << _rotateY
			<< ") (radiansX:" << radiansX << ")(radiansY:" << radiansY << ")";

		SetInfo(10, 0, os.str(), scale);

		os.str("");

		os << " (cosX:" << rotate_cosX << ") (sinX:" << rotate_sinX <<
			") (cosY:" << rotate_cosY << ") (sinY:" << rotate_sinY << ")";

		SetInfo(10, 20, os.str(), scale);

		os.str("");

		for (int i = 0; i < sizeof(rect) / sizeof(*rect); ++i)
			os << " " << "(" << i + 1 << ") { " << rect[i].x << " " << rect[i].y << "} ";
		
		SetInfo(10, 40, os.str(), scale);

		os.str("");
		os << " set { p = position } { c = center  } { r = rotate  }";
		SetInfo(10, 60, os.str(), scale*1.2);
		os.str("");
		os << "     px = cX cos( r ) - cY sin( r )   py = cX sin( r ) + cY cos( r )  ";
		SetInfo(10, 90, os.str(), scale*1.2);

		for (int i = 0; i < sizeof(rect) / sizeof(*rect); ++i)
		{

			float cx =
				(rect[i].x - radius) * rotate_cosY - (rect[i].y - radius) * rotate_sinX + radius;
			float cy =
				(rect[i].x - radius) * rotate_sinY + (rect[i].y - radius) * rotate_cosX + radius;



			//   			float cx =
			//  				(rect[i].x - radius) * rotate_cosY  + radius;
			//  			float cy =
			//  				(rect[i].y - radius) * rotate_sinY  + radius;


			os.str("");
			os << setprecision(1) << fixed << dir[i] << " x:(" << radius << " + " << (rect[i].x - radius) * rotate_cosY << " - "
				<< (rect[i].y - radius) * rotate_sinX << " )   y:( "

				<< radius << " + "
				<< (rect[i].x - radius) * rotate_sinY << " + " << (rect[i].y - radius) * rotate_cosX
				<< u8") Vertex ( cy: " << cx << " cy: " << cy << " )";


			//	SetInfo(10, 20 * (i+2) +30,os.str(), scale);

				// float cx = /*_x + */_radius * rotate_cosY;
				// float cy = /*_y + */_radius * rotate_sinY;
			cx += (_x - radius);
			cy += (_y - radius);
			draw_line(_x, _y, cx, cy, 255 / (i + 1));

			rect[i] =
			{
			cx, cy };


			os << "Location ( x:" << rect[i].x << " y: " << rect[i].y << " )";

			SetInfo(10, 20 * (i + 2) +80, os.str(), scale);
		}


		draw_line(rect[0].x, rect[0].y, rect[1].x, rect[1].y, 65535);
		draw_line(rect[1].x, rect[1].y, rect[2].x, rect[2].y, 65535);
		draw_line(rect[2].x, rect[2].y, rect[3].x, rect[3].y, 65535);
		draw_line(rect[3].x, rect[3].y, rect[0].x, rect[0].y, 65535);

		SetInfo(rect[0].x - 30, rect[0].y - 30, dir[0] + "x:" + to_string((int)rect[0].x) + " y:" + to_string((int)rect[0].y), scale);
		SetInfo(rect[1].x - 30, rect[1].y - 30, dir[1] + "x:" + to_string((int)rect[1].x) + " y:" + to_string((int)rect[1].y), scale);
		SetInfo(rect[2].x - 30, rect[2].y, dir[2] + "x:" + to_string((int)rect[2].x) + " y:" + to_string((int)rect[2].y), scale);
		SetInfo(rect[3].x - 30, rect[3].y, dir[3] + "x:" + to_string((int)rect[3].x) + " y:" + to_string((int)rect[3].y), scale);

	}



	void drawCircle(int cir_width)
	{
		draw_line(_x - _radius, _y, _x + _radius, _y, 0);
		draw_line(_x, _y - _radius, _x, _y + _radius, 0);
		if (SDL_MUSTLOCK(gScreenSurface))
		{
			if (SDL_LockSurface(gScreenSurface) < 0)
				exit(1);
		}

		uint32_t *pixels = (uint32_t *)gScreenSurface->pixels;


		auto size = _radius - cir_width;
		for (int rad = _radius; rad >= size; rad--)
		{

			// stroke a circle
			for (double i = 0; i <= 3.14 * 2; i += 0.001)
			{

				int pX = _x + rad * cos(i);
				int pY = _y + rad * sin(i);
				if (!(pX + pY * SCREEN_WIDTH < 0 ||
					pX + pY * SCREEN_WIDTH >= SCREEN_WIDTH * SCREEN_HEIGHT))
					pixels[pX + pY * SCREEN_WIDTH] = 0x99b0;

			}

		}


		if (SDL_MUSTLOCK(gScreenSurface))
			SDL_UnlockSurface(gScreenSurface);
	}

};

void showInfo(int x, int y, const char *str, float scale, SDL_Color color)
{
	SDL_Surface *load = TTF_RenderUTF8_Blended(font, str, color);
	int w = load->w *scale;
	int h = load->h*scale;

	SDL_Rect r = { x , y , w, h };
	SDL_Surface *opt = SDL_ConvertSurface(load, gScreenSurface->format, 0);

	SDL_SetColorKey(opt, SDL_TRUE, SDL_MapRGB(opt->format, 0, 0, 0));
	SDL_BlitScaled(load, 0, gScreenSurface, &r);
	SDL_FreeSurface(load);
	SDL_FreeSurface(opt);
}

void SetInfo(int x, int y, const string& text, float scale, SDL_Color color)
{
	stringstream os;
	os << setprecision(2) << fixed << text;
	showInfo(x, y, os.str().c_str(), scale, color);
}

void draw(Shape * p)
{
	p->drawCircle(3);
	p->drawRadius();
	//	p->setSkewY(p->getSkewY()+1);
}

int main(int argc, char **argv)
{
	init();
	/* 控制帧数 */
	double fpsTimer = 0, capTimer = 0;

	auto p = new Shape(400, 400, 200, 0, 0);

	bool quit = false;
	SDL_Event e;

	while (!quit)
	{
		capTimer = SDL_GetTicks();

		while (SDL_PollEvent(&e) != 0)
		{
			if (e.type == SDL_QUIT)
				quit = true;

			p->handle(e);
		}


		/* 将窗口表面填充为白色 */
		SDL_FillRect(gScreenSurface, NULL, SDL_MapRGB(gScreenSurface->format, 238, 238, 238));


		draw(p);

		/* 然后刷新它 */
		SDL_UpdateWindowSurface(gWindow);

		/* 如果每帧耗费时间小于16毫秒 */
		double frameTicks = SDL_GetTicks() - capTimer;
		if (frameTicks < SCREEN_TICK_PER_FRAME)
			// 等待剩余时间
			SDL_Delay(SCREEN_TICK_PER_FRAME - frameTicks);
	}

	close();

	return 0;
}


unsigned char FontData[fontLength] = {
	0x00, 0x01, 0x00, 0x00, 0x00, 0x0E, 0x00, 0x30, 0x00, 0x03, 0x00, 0xB0, 0x4F, 0x53, 0x2F, 0x32,
	0x78, 0xB9, 0x64, 0xF0, 0x00, 0x00, 0x5D, 0x98, 0x00, 0x00, 0x00, 0x4E, 0x63, 0x6D, 0x61, 0x70,
	0x43, 0xBF, 0x58, 0x58, 0x00, 0x00, 0x57, 0x6C, 0x00, 0x00, 0x02, 0x30, 0x63, 0x76, 0x74, 0x20,
	0x7C, 0x16, 0x7B, 0xFA, 0x00, 0x00, 0x5B, 0x3C, 0x00, 0x00, 0x02, 0x5A, 0x66, 0x70, 0x67, 0x6D,
	0xA7, 0xD9, 0x5E, 0x93, 0x00, 0x00, 0x04, 0x3C, 0x00, 0x00, 0x00, 0x64, 0x67, 0x6C, 0x79, 0x66,
	0x38, 0x89, 0xCA, 0x02, 0x00, 0x00, 0x04, 0xA8, 0x00, 0x00, 0x50, 0x2C, 0x68, 0x64, 0x6D, 0x78,
	0x5F, 0xD1, 0x6E, 0x56, 0x00, 0x00, 0x5D, 0xE8, 0x00, 0x00, 0x06, 0xC8, 0x68, 0x65, 0x61, 0x64,
	0xAE, 0x98, 0x0E, 0x6B, 0x00, 0x00, 0x00, 0xEC, 0x00, 0x00, 0x00, 0x36, 0x68, 0x68, 0x65, 0x61,
	0x06, 0xB2, 0x03, 0x15, 0x00, 0x00, 0x01, 0x24, 0x00, 0x00, 0x00, 0x24, 0x68, 0x6D, 0x74, 0x78,
	0xAB, 0x63, 0x06, 0x36, 0x00, 0x00, 0x59, 0x9C, 0x00, 0x00, 0x01, 0xA0, 0x6C, 0x6F, 0x63, 0x61,
	0x00, 0x11, 0x39, 0xBC, 0x00, 0x00, 0x54, 0xD4, 0x00, 0x00, 0x01, 0xA4, 0x6D, 0x61, 0x78, 0x70,
	0x00, 0xED, 0x01, 0xCC, 0x00, 0x00, 0x01, 0x48, 0x00, 0x00, 0x00, 0x20, 0x6E, 0x61, 0x6D, 0x65,
	0xA7, 0xD4, 0xDD, 0x2A, 0x00, 0x00, 0x01, 0x68, 0x00, 0x00, 0x02, 0xD3, 0x70, 0x6F, 0x73, 0x74,
	0x0B, 0x5E, 0x0B, 0x32, 0x00, 0x00, 0x56, 0x78, 0x00, 0x00, 0x00, 0xF2, 0x70, 0x72, 0x65, 0x70,
	0xF8, 0x03, 0x01, 0x12, 0x00, 0x00, 0x04, 0xA0, 0x00, 0x00, 0x00, 0x08, 0x00, 0x01, 0x00, 0x00,
	0x00, 0x01, 0x00, 0x00, 0xF7, 0x89, 0xFB, 0xB5, 0x5F, 0x0F, 0x3C, 0xF5, 0x00, 0x00, 0x03, 0xE8,
	0x00, 0x00, 0x00, 0x00, 0xA6, 0x0C, 0xE5, 0x90, 0x00, 0x00, 0x00, 0x00, 0xA6, 0x0C, 0xE5, 0x90,
	0xFF, 0xBE, 0xFF, 0x25, 0x03, 0xAC, 0x03, 0x45, 0x00, 0x00, 0x00, 0x03, 0x00, 0x02, 0x00, 0x01,
	0x00, 0x00, 0x00, 0x00, 0x00, 0x01, 0x00, 0x00, 0x03, 0x45, 0xFF, 0x25, 0x00, 0x00, 0x03, 0xAE,
	0xFF, 0xBE, 0xFF, 0xD9, 0x03, 0xAC, 0x00, 0x01, 0x00, 0x00, 0x00, 0x00, 0x00, 0x00, 0x00, 0x00,
	0x00, 0x00, 0x00, 0x00, 0x00, 0x00, 0x00, 0x68, 0x00, 0x01, 0x00, 0x00, 0x00, 0x68, 0x00, 0xBD,
	0x00, 0x09, 0x00, 0x00, 0x00, 0x00, 0x00, 0x02, 0x00, 0x08, 0x00, 0x40, 0x00, 0x0A, 0x00, 0x00,
	0x00, 0x68, 0x00, 0xCC, 0x00, 0x01, 0x00, 0x01, 0x00, 0x00, 0x00, 0x15, 0x01, 0x02, 0x00, 0x00,
	0x00, 0x00, 0x00, 0x00, 0x00, 0x00, 0x00, 0x76, 0x00, 0x3B, 0x00, 0x00, 0x00, 0x00, 0x00, 0x00,
	0x00, 0x01, 0x00, 0x08, 0x00, 0xB5, 0x00, 0x00, 0x00, 0x00, 0x00, 0x00, 0x00, 0x02, 0x00, 0x0E,
	0x00, 0xC4, 0x00, 0x00, 0x00, 0x00, 0x00, 0x00, 0x00, 0x03, 0x00, 0x42, 0x00, 0xF3, 0x00, 0x00,
	0x00, 0x00, 0x00, 0x00, 0x00, 0x04, 0x00, 0x18, 0x01, 0x41, 0x00, 0x00, 0x00, 0x00, 0x00, 0x00,
	0x00, 0x05, 0x00, 0x38, 0x01, 0x75, 0x00, 0x00, 0x00, 0x00, 0x00, 0x00, 0x00, 0x06, 0x00, 0x18,
	0x01, 0xB9, 0x00, 0x01, 0x00, 0x00, 0x00, 0x00, 0x00, 0x00, 0x00, 0x3B, 0x00, 0x00, 0x00, 0x01,
	0x00, 0x00, 0x00, 0x00, 0x00, 0x01, 0x00, 0x04, 0x00, 0xB1, 0x00, 0x01, 0x00, 0x00, 0x00, 0x00,
	0x00, 0x02, 0x00, 0x07, 0x00, 0xBD, 0x00, 0x01, 0x00, 0x00, 0x00, 0x00, 0x00, 0x03, 0x00, 0x21,
	0x00, 0xD2, 0x00, 0x01, 0x00, 0x00, 0x00, 0x00, 0x00, 0x04, 0x00, 0x0C, 0x01, 0x35, 0x00, 0x01,
	0x00, 0x00, 0x00, 0x00, 0x00, 0x05, 0x00, 0x1C, 0x01, 0x59, 0x00, 0x01, 0x00, 0x00, 0x00, 0x00,
	0x00, 0x06, 0x00, 0x0C, 0x01, 0xAD, 0x00, 0x03, 0x00, 0x01, 0x04, 0x09, 0x00, 0x00, 0x00, 0x76,
	0x00, 0x3B, 0x00, 0x03, 0x00, 0x01, 0x04, 0x09, 0x00, 0x01, 0x00, 0x08, 0x00, 0xB5, 0x00, 0x03,
	0x00, 0x01, 0x04, 0x09, 0x00, 0x02, 0x00, 0x0E, 0x00, 0xC4, 0x00, 0x03, 0x00, 0x01, 0x04, 0x09,
	0x00, 0x03, 0x00, 0x42, 0x00, 0xF3, 0x00, 0x03, 0x00, 0x01, 0x04, 0x09, 0x00, 0x04, 0x00, 0x18,
	0x01, 0x41, 0x00, 0x03, 0x00, 0x01, 0x04, 0x09, 0x00, 0x05, 0x00, 0x38, 0x01, 0x75, 0x00, 0x03,
	0x00, 0x01, 0x04, 0x09, 0x00, 0x06, 0x00, 0x18, 0x01, 0xB9, 0xA9, 0x50, 0x61, 0x74, 0x20, 0x53,
	0x6E, 0x79, 0x64, 0x65, 0x72, 0x2C, 0x20, 0x31, 0x37, 0x39, 0x37, 0x20, 0x52, 0x6F, 0x73, 0x73,
	0x20, 0x49, 0x6E, 0x6C, 0x65, 0x74, 0x2C, 0x20, 0x43, 0x6F, 0x6F, 0x73, 0x20, 0x42, 0x61, 0x79,
	0x2C, 0x20, 0x4F, 0x52, 0x20, 0x39, 0x37, 0x34, 0x32, 0x30, 0x20, 0x53, 0x68, 0x77, 0x61, 0x72,
	0x65, 0x20, 0x24, 0x31, 0x30, 0x43, 0x00, 0x00, 0x50, 0x00, 0x61, 0x00, 0x74, 0x00, 0x20, 0x00,
	0x53, 0x00, 0x6E, 0x00, 0x79, 0x00, 0x64, 0x00, 0x65, 0x00, 0x72, 0x00, 0x2C, 0x00, 0x20, 0x00,
	0x31, 0x00, 0x37, 0x00, 0x39, 0x00, 0x37, 0x00, 0x20, 0x00, 0x52, 0x00, 0x6F, 0x00, 0x73, 0x00,
	0x73, 0x00, 0x20, 0x00, 0x49, 0x00, 0x6E, 0x00, 0x6C, 0x00, 0x65, 0x00, 0x74, 0x00, 0x2C, 0x00,
	0x20, 0x00, 0x43, 0x00, 0x6F, 0x00, 0x6F, 0x00, 0x73, 0x00, 0x20, 0x00, 0x42, 0x00, 0x61, 0x00,
	0x79, 0x00, 0x2C, 0x00, 0x20, 0x00, 0x4F, 0x00, 0x52, 0x00, 0x20, 0x00, 0x39, 0x00, 0x37, 0x00,
	0x34, 0x00, 0x32, 0x00, 0x30, 0x00, 0x20, 0x00, 0x53, 0x00, 0x68, 0x00, 0x77, 0x00, 0x61, 0x00,
	0x72, 0x00, 0x65, 0x00, 0x20, 0x00, 0x24, 0x00, 0x31, 0x00, 0x30, 0x46, 0x65, 0x6C, 0x74, 0x00,
	0x46, 0x00, 0x65, 0x00, 0x6C, 0x00, 0x74, 0x52, 0x65, 0x67, 0x75, 0x6C, 0x61, 0x72, 0x00, 0x52,
	0x00, 0x65, 0x00, 0x67, 0x00, 0x75, 0x00, 0x6C, 0x00, 0x61, 0x00, 0x72, 0x41, 0x6C, 0x74, 0x73,
	0x79, 0x73, 0x20, 0x4D, 0x65, 0x74, 0x61, 0x6D, 0x6F, 0x72, 0x70, 0x68, 0x6F, 0x73, 0x69, 0x73,
	0x3A, 0x46, 0x65, 0x6C, 0x74, 0x20, 0x52, 0x65, 0x67, 0x75, 0x6C, 0x61, 0x72, 0x00, 0x41, 0x00,
	0x6C, 0x00, 0x74, 0x00, 0x73, 0x00, 0x79, 0x00, 0x73, 0x00, 0x20, 0x00, 0x4D, 0x00, 0x65, 0x00,
	0x74, 0x00, 0x61, 0x00, 0x6D, 0x00, 0x6F, 0x00, 0x72, 0x00, 0x70, 0x00, 0x68, 0x00, 0x6F, 0x00,
	0x73, 0x00, 0x69, 0x00, 0x73, 0x00, 0x3A, 0x00, 0x46, 0x00, 0x65, 0x00, 0x6C, 0x00, 0x74, 0x00,
	0x20, 0x00, 0x52, 0x00, 0x65, 0x00, 0x67, 0x00, 0x75, 0x00, 0x6C, 0x00, 0x61, 0x00, 0x72, 0x46,
	0x65, 0x6C, 0x74, 0x20, 0x52, 0x65, 0x67, 0x75, 0x6C, 0x61, 0x72, 0x00, 0x46, 0x00, 0x65, 0x00,
	0x6C, 0x00, 0x74, 0x00, 0x20, 0x00, 0x52, 0x00, 0x65, 0x00, 0x67, 0x00, 0x75, 0x00, 0x6C, 0x00,
	0x61, 0x00, 0x72, 0x41, 0x6C, 0x74, 0x73, 0x79, 0x73, 0x20, 0x4D, 0x65, 0x74, 0x61, 0x6D, 0x6F,
	0x72, 0x70, 0x68, 0x6F, 0x73, 0x69, 0x73, 0x3A, 0x34, 0x2F, 0x31, 0x31, 0x2F, 0x39, 0x32, 0x00,
	0x41, 0x00, 0x6C, 0x00, 0x74, 0x00, 0x73, 0x00, 0x79, 0x00, 0x73, 0x00, 0x20, 0x00, 0x4D, 0x00,
	0x65, 0x00, 0x74, 0x00, 0x61, 0x00, 0x6D, 0x00, 0x6F, 0x00, 0x72, 0x00, 0x70, 0x00, 0x68, 0x00,
	0x6F, 0x00, 0x73, 0x00, 0x69, 0x00, 0x73, 0x00, 0x3A, 0x00, 0x34, 0x00, 0x2F, 0x00, 0x31, 0x00,
	0x31, 0x00, 0x2F, 0x00, 0x39, 0x00, 0x32, 0x46, 0x65, 0x6C, 0x74, 0x20, 0x52, 0x65, 0x67, 0x75,
	0x6C, 0x61, 0x72, 0x00, 0x46, 0x00, 0x65, 0x00, 0x6C, 0x00, 0x74, 0x00, 0x20, 0x00, 0x52, 0x00,
	0x65, 0x00, 0x67, 0x00, 0x75, 0x00, 0x6C, 0x00, 0x61, 0x00, 0x72, 0x00, 0x40, 0x05, 0x05, 0x04,
	0x03, 0x02, 0x00, 0x2C, 0x76, 0x45, 0x20, 0xB0, 0x03, 0x25, 0x45, 0x23, 0x61, 0x68, 0x18, 0x23,
	0x68, 0x60, 0x44, 0x2D, 0x2C, 0x45, 0x20, 0xB0, 0x03, 0x25, 0x45, 0x23, 0x61, 0x68, 0x23, 0x68,
	0x60, 0x44, 0x2D, 0x2C, 0x20, 0x20, 0xB8, 0xFF, 0xC0, 0x38, 0x12, 0xB1, 0x40, 0x01, 0x36, 0x38,
	0x2D, 0x2C, 0x20, 0x20, 0xB0, 0x40, 0x38, 0x12, 0xB0, 0x01, 0x36, 0xB8, 0xFF, 0xC0, 0x38, 0x2D,
	0x2C, 0x01, 0xB0, 0x46, 0x76, 0x20, 0x47, 0x68, 0x18, 0x23, 0x46, 0x61, 0x68, 0x20, 0x58, 0x20,
	0xB0, 0x03, 0x25, 0x23, 0x38, 0xB0, 0x02, 0x25, 0x12, 0xB0, 0x01, 0x36, 0x65, 0x38, 0x59, 0x2D,
	0x40, 0x01, 0x01, 0x8D, 0xB8, 0x01, 0xFF, 0x85, 0x00, 0x02, 0x00, 0x30, 0x00, 0x00, 0x02, 0xDD,
	0x03, 0x0D, 0x00, 0x03, 0x00, 0x07, 0x00, 0x46, 0x40, 0x15, 0x07, 0x00, 0x06, 0x01, 0x05, 0x04,
	0x02, 0x03, 0x02, 0x07, 0x06, 0x02, 0x01, 0x00, 0x02, 0x03, 0x00, 0x01, 0x01, 0x00, 0x46, 0x76,
	0x2F, 0x37, 0x18, 0x00, 0x3F, 0x3C, 0xB9, 0x00, 0x01, 0x01, 0x29, 0x3F, 0x3C, 0x01, 0x2F, 0x3C,
	0xFD, 0x3C, 0x2F, 0x3C, 0xFD, 0x3C, 0x00, 0x10, 0xB9, 0x00, 0x05, 0x01, 0x03, 0xFD, 0x3C, 0x10,
	0xB9, 0x00, 0x04, 0x01, 0x03, 0xFD, 0x3C, 0x31, 0x30, 0xB2, 0x08, 0x00, 0x05, 0x2B, 0x33, 0x11,
	0x21, 0x11, 0x27, 0x11, 0x21, 0x11, 0x30, 0x02, 0xAD, 0x30, 0xFD, 0xB3, 0x03, 0x0D, 0xFC, 0xF3,
	0x30, 0x02, 0xAD, 0xFD, 0x53, 0x00, 0x00, 0x02, 0x00, 0x1F, 0xFF, 0xE2, 0x00, 0xB2, 0x03, 0x1F,
	0x00, 0x19, 0x00, 0x35, 0x00, 0x3D, 0x40, 0x1C, 0x20, 0x13, 0x20, 0x2A, 0x24, 0x27, 0x0D, 0x02,
	0x32, 0x1D, 0x03, 0x03, 0x17, 0x10, 0x0A, 0x02, 0x00, 0x35, 0x1A, 0x02, 0x27, 0x2E, 0x06, 0x06,
	0x07, 0x01, 0x2A, 0x46, 0x76, 0x2F, 0x37, 0x18, 0x00, 0x3F, 0x3F, 0x01, 0x2F, 0xFD, 0x3C, 0x2F,
	0xFD, 0x3C, 0x2F, 0x17, 0x3C, 0xFD, 0x10, 0xD6, 0x3C, 0x00, 0x3F, 0xD6, 0x31, 0x30, 0xB2, 0x36,
	0x2A, 0x05, 0x2B, 0x37, 0x14, 0x16, 0x15, 0x14, 0x06, 0x23, 0x22, 0x2E, 0x01, 0x35, 0x34, 0x36,
	0x35, 0x34, 0x26, 0x35, 0x34, 0x36, 0x33, 0x32, 0x1E, 0x01, 0x15, 0x14, 0x06, 0x03, 0x14, 0x16,
	0x15, 0x14, 0x06, 0x23, 0x22, 0x2E, 0x01, 0x35, 0x34, 0x36, 0x35, 0x34, 0x26, 0x35, 0x34, 0x3E,
	0x01, 0x33, 0x32, 0x1E, 0x01, 0x15, 0x14, 0x06, 0x15, 0xAC, 0x04, 0x14, 0x1D, 0x16, 0x2C, 0x15,
	0x04, 0x04, 0x09, 0x27, 0x1A, 0x33, 0x0D, 0x06, 0x0A, 0x0F, 0x20, 0x18, 0x16, 0x2D, 0x16, 0x04,
	0x05, 0x05, 0x11, 0x28, 0x1F, 0x2D, 0x07, 0x0E, 0x30, 0x07, 0x18, 0x05, 0x0C, 0x1E, 0x13, 0x1C,
	0x17, 0x0B, 0x39, 0x06, 0x05, 0x1A, 0x01, 0x02, 0x1B, 0x17, 0x1F, 0x0D, 0x08, 0x28, 0x01, 0x26,
	0x0E, 0x38, 0x08, 0x13, 0x18, 0x16, 0x1C, 0x10, 0x05, 0x1A, 0x08, 0x49, 0xF0, 0x08, 0x3B, 0x3D,
	0x14, 0x12, 0x1D, 0x04, 0x0A, 0x2B, 0x09, 0x00, 0x00, 0x02, 0x00, 0x12, 0x02, 0x12, 0x01, 0x17,
	0x03, 0x21, 0x00, 0x17, 0x00, 0x2F, 0x00, 0x43, 0x40, 0x1D, 0x2C, 0x0E, 0x28, 0x06, 0x14, 0x26,
	0x03, 0x17, 0x02, 0x0D, 0x0C, 0x21, 0x02, 0x18, 0x00, 0x02, 0x09, 0x25, 0x24, 0x02, 0x1B, 0x2F,
	0x10, 0x0A, 0x1E, 0x0B, 0x01, 0x0E, 0x46, 0x76, 0x2F, 0x37, 0x18, 0x00, 0x3F, 0x3F, 0x01, 0x2F,
	0x3C, 0xFD, 0x3C, 0x2F, 0xFD, 0x2F, 0xFD, 0x2F, 0x3C, 0xFD, 0x3C, 0x2F, 0xD6, 0x00, 0x00, 0x2E,
	0x2E, 0x01, 0x2E, 0x2E, 0x31, 0x30, 0xB2, 0x30, 0x0E, 0x05, 0x2B, 0x13, 0x14, 0x16, 0x15, 0x14,
	0x06, 0x23, 0x22, 0x26, 0x27, 0x26, 0x36, 0x3D, 0x01, 0x27, 0x36, 0x33, 0x32, 0x1E, 0x01, 0x15,
	0x14, 0x06, 0x15, 0x17, 0x14, 0x16, 0x15, 0x14, 0x06, 0x23, 0x22, 0x26, 0x27, 0x26, 0x36, 0x3D,
	0x01, 0x27, 0x36, 0x33, 0x32, 0x1E, 0x01, 0x15, 0x14, 0x06, 0x15, 0x7E, 0x05, 0x0F, 0x18, 0x16,
	0x29, 0x05, 0x02, 0x08, 0x0C, 0x0F, 0x28, 0x14, 0x21, 0x09, 0x03, 0x8A, 0x05, 0x0F, 0x18, 0x16,
	0x29, 0x05, 0x02, 0x08, 0x0C, 0x0F, 0x28, 0x14, 0x21, 0x09, 0x03, 0x02, 0x76, 0x09, 0x1E, 0x02,
	0x0B, 0x18, 0x1A, 0x14, 0x0B, 0x1E, 0x07, 0x4E, 0x30, 0x1B, 0x11, 0x19, 0x07, 0x07, 0x18, 0x01,
	0x72, 0x09, 0x1E, 0x02, 0x0B, 0x18, 0x1A, 0x14, 0x0B, 0x1E, 0x07, 0x4E, 0x30, 0x1B, 0x11, 0x19,
	0x07, 0x07, 0x18, 0x01, 0x00, 0x02, 0x00, 0x14, 0x00, 0xD6, 0x01, 0xC3, 0x02, 0xA2, 0x00, 0x6D,
	0x00, 0x71, 0x00, 0xCC, 0x40, 0x68, 0x59, 0x52, 0x4C, 0x26, 0x12, 0x46, 0x40, 0x38, 0x20, 0x06,
	0x2B, 0x49, 0x51, 0x00, 0x17, 0x0F, 0x0B, 0x17, 0x0F, 0x44, 0x53, 0x53, 0x5E, 0x69, 0x51, 0x62,
	0x62, 0x4C, 0x39, 0x17, 0x6E, 0x26, 0x23, 0x17, 0x70, 0x0E, 0x71, 0x6E, 0x0E, 0x6F, 0x52, 0x4E,
	0x13, 0x49, 0x56, 0x12, 0x5C, 0x15, 0x11, 0x0F, 0x51, 0x10, 0x49, 0x17, 0x0F, 0x0F, 0x53, 0x0E,
	0x5E, 0x71, 0x70, 0x6E, 0x2E, 0x18, 0x34, 0x03, 0x00, 0x09, 0x0B, 0x6D, 0x6C, 0x6A, 0x03, 0x69,
	0x02, 0x5F, 0x5E, 0x3C, 0x3A, 0x39, 0x02, 0x46, 0x00, 0x02, 0x0B, 0x6F, 0x38, 0x37, 0x03, 0x6E,
	0x02, 0x2B, 0x20, 0x1C, 0x1B, 0x04, 0x18, 0x31, 0x16, 0x65, 0x17, 0x01, 0x12, 0x46, 0x76, 0x2F,
	0x37, 0x18, 0x00, 0x3F, 0x3F, 0x01, 0x2F, 0x17, 0x3C, 0xFD, 0x17, 0x3C, 0x2F, 0xFD, 0x2F, 0xFD,
	0x3C, 0x3C, 0x2F, 0x3C, 0xFD, 0x17, 0x3C, 0x10, 0xD6, 0x10, 0xD6, 0x3C, 0x10, 0xD6, 0x10, 0xD6,
	0x3C, 0x00, 0x2F, 0xFD, 0x2F, 0xFD, 0x2F, 0xFD, 0x10, 0xFD, 0x2F, 0xFD, 0x10, 0xFD, 0x3C, 0x2F,
	0xFD, 0x2F, 0xFD, 0x10, 0xD6, 0x01, 0x11, 0x12, 0x39, 0x11, 0x12, 0x39, 0x10, 0x3C, 0x11, 0x12,
	0x39, 0x10, 0x3C, 0x00, 0x11, 0x12, 0x39, 0x11, 0x12, 0x39, 0x11, 0x12, 0x39, 0x00, 0x2E, 0x2E,
	0x2E, 0x2E, 0x2E, 0x01, 0x2E, 0x2E, 0x2E, 0x2E, 0x2E, 0x31, 0x30, 0xB2, 0x72, 0x12, 0x05, 0x2B,
	0x13, 0x14, 0x16, 0x15, 0x14, 0x06, 0x23, 0x22, 0x26, 0x35, 0x34, 0x37, 0x07, 0x22, 0x06, 0x27,
	0x2E, 0x01, 0x35, 0x34, 0x36, 0x33, 0x16, 0x17, 0x37, 0x3C, 0x01, 0x3D, 0x01, 0x34, 0x35, 0x26,
	0x35, 0x22, 0x06, 0x23, 0x22, 0x26, 0x35, 0x34, 0x3E, 0x01, 0x3F, 0x01, 0x34, 0x26, 0x27, 0x34,
	0x36, 0x33, 0x32, 0x16, 0x15, 0x14, 0x06, 0x1D, 0x01, 0x37, 0x35, 0x26, 0x35, 0x34, 0x3E, 0x01,
	0x33, 0x32, 0x1E, 0x01, 0x15, 0x14, 0x07, 0x3E, 0x01, 0x33, 0x32, 0x16, 0x15, 0x14, 0x07, 0x06,
	0x26, 0x0F, 0x01, 0x17, 0x3E, 0x01, 0x17, 0x1E, 0x01, 0x15, 0x14, 0x06, 0x23, 0x22, 0x27, 0x15,
	0x14, 0x16, 0x15, 0x14, 0x06, 0x23, 0x22, 0x2E, 0x01, 0x3D, 0x01, 0x26, 0x3D, 0x01, 0x27, 0x15,
	0x37, 0x35, 0xD6, 0x0C, 0x10, 0x18, 0x1D, 0x16, 0x03, 0x30, 0x04, 0x0F, 0x07, 0x11, 0x1B, 0x08,
	0x08, 0x12, 0x12, 0x3C, 0x02, 0x01, 0x21, 0x0C, 0x13, 0x23, 0x0C, 0x1D, 0x07, 0x36, 0x0C, 0x06,
	0x2B, 0x17, 0x14, 0x1C, 0x12, 0x48, 0x02, 0x05, 0x16, 0x0C, 0x12, 0x1F, 0x06, 0x0E, 0x08, 0x29,
	0x07, 0x0A, 0x19, 0x19, 0x06, 0x17, 0x07, 0x18, 0x06, 0x0F, 0x13, 0x08, 0x0F, 0x16, 0x13, 0x14,
	0x10, 0x0C, 0x06, 0x0F, 0x0E, 0x0D, 0x20, 0x11, 0x01, 0x5A, 0x50, 0x01, 0x46, 0x15, 0x20, 0x01,
	0x05, 0x13, 0x1C, 0x0D, 0x08, 0x09, 0x06, 0x10, 0x02, 0x05, 0x2C, 0x13, 0x08, 0x09, 0x03, 0x02,
	0x0C, 0x05, 0x0F, 0x07, 0x11, 0x07, 0x08, 0x09, 0x04, 0x12, 0x21, 0x11, 0x08, 0x0E, 0x04, 0x02,
	0x12, 0x1F, 0x34, 0x1C, 0x12, 0x11, 0x0F, 0x11, 0x08, 0x14, 0x08, 0x36, 0x12, 0x2A, 0x10, 0x08,
	0x08, 0x0D, 0x0A, 0x11, 0x18, 0x03, 0x13, 0x10, 0x01, 0x10, 0x13, 0x1E, 0x22, 0x06, 0x01, 0x09,
	0x02, 0x06, 0x4E, 0x04, 0x04, 0x02, 0x04, 0x1E, 0x11, 0x0D, 0x17, 0x09, 0x5A, 0x07, 0x18, 0x05,
	0x08, 0x12, 0x14, 0x17, 0x18, 0x25, 0x0B, 0x06, 0x09, 0x7C, 0x48, 0x18, 0x48, 0x00, 0x00, 0x03,
	0xFF, 0xFE, 0x00, 0xA4, 0x01, 0x2B, 0x03, 0x11, 0x00, 0x0D, 0x00, 0x3D, 0x00, 0x4C, 0x00, 0x5F,
	0x40, 0x2B, 0x2E, 0x16, 0x22, 0x19, 0x25, 0x3B, 0x31, 0x31, 0x1C, 0x2B, 0x1D, 0x1B, 0x13, 0x35,
	0x1B, 0x38, 0x11, 0x25, 0x05, 0x0F, 0x0B, 0x40, 0x1A, 0x47, 0x20, 0x02, 0x10, 0x44, 0x02, 0x4B,
	0x00, 0x02, 0x09, 0x38, 0x02, 0x28, 0x47, 0x1F, 0x0B, 0x20, 0x01, 0x28, 0x46, 0x76, 0x2F, 0x37,
	0x18, 0x00, 0x3F, 0x3F, 0x01, 0x2F, 0xFD, 0x2F, 0xFD, 0x2F, 0xFD, 0x2F, 0xFD, 0x00, 0x10, 0xFD,
	0x10, 0xFD, 0x2F, 0xFD, 0xB9, 0x00, 0x2B, 0x01, 0x10, 0x3F, 0xFD, 0x2F, 0xFD, 0x10, 0xFD, 0x10,
	0xD6, 0x10, 0xD6, 0x00, 0x2E, 0x01, 0x2E, 0x2E, 0x31, 0x30, 0xB2, 0x4D, 0x28, 0x05, 0x2B, 0x37,
	0x34, 0x35, 0x3E, 0x01, 0x33, 0x32, 0x1E, 0x01, 0x15, 0x14, 0x07, 0x06, 0x26, 0x13, 0x16, 0x15,
	0x14, 0x06, 0x23, 0x22, 0x26, 0x35, 0x34, 0x36, 0x33, 0x32, 0x1E, 0x01, 0x33, 0x32, 0x36, 0x35,
	0x34, 0x27, 0x26, 0x06, 0x23, 0x22, 0x26, 0x27, 0x26, 0x36, 0x33, 0x32, 0x16, 0x07, 0x0E, 0x01,
	0x23, 0x22, 0x2E, 0x01, 0x23, 0x22, 0x06, 0x17, 0x16, 0x36, 0x33, 0x32, 0x16, 0x27, 0x06, 0x23,
	0x22, 0x2E, 0x01, 0x35, 0x34, 0x36, 0x33, 0x32, 0x1E, 0x01, 0x15, 0x14, 0x7E, 0x02, 0x12, 0x11,
	0x13, 0x24, 0x03, 0x23, 0x0B, 0x31, 0xAA, 0x03, 0x64, 0x2B, 0x2A, 0x4C, 0x11, 0x0E, 0x1B, 0x18,
	0x0F, 0x06, 0x0A, 0x27, 0x04, 0x05, 0x53, 0x13, 0x17, 0x23, 0x0B, 0x0C, 0x7E, 0x30, 0x20, 0x42,
	0x02, 0x03, 0x1B, 0x13, 0x05, 0x10, 0x15, 0x09, 0x0E, 0x40, 0x08, 0x03, 0x76, 0x19, 0x16, 0x19,
	0x61, 0x0B, 0x11, 0x11, 0x1E, 0x06, 0x12, 0x0B, 0x10, 0x23, 0x0F, 0xC4, 0x0C, 0x0D, 0x0D, 0x0E,
	0x0D, 0x0D, 0x08, 0x21, 0x0D, 0x04, 0x17, 0x01, 0x47, 0x09, 0x0A, 0x3A, 0xA9, 0x4C, 0x1D, 0x0B,
	0x09, 0x0D, 0x14, 0x40, 0x12, 0x07, 0x03, 0x03, 0x1A, 0x16, 0x1B, 0x1E, 0xC6, 0x3C, 0x0E, 0x19,
	0x1B, 0x03, 0x1F, 0x5E, 0x06, 0x02, 0x21, 0x0D, 0xBE, 0x07, 0x0C, 0x10, 0x0A, 0x14, 0x0C, 0x0A,
	0x0F, 0x0C, 0x11, 0x00, 0x00, 0x04, 0x00, 0x1B, 0xFF, 0xE6, 0x02, 0xAF, 0x03, 0x2B, 0x00, 0x26,
	0x00, 0x33, 0x00, 0x3F, 0x00, 0x4E, 0x00, 0x74, 0x40, 0x31, 0x42, 0x2B, 0x21, 0x07, 0x34, 0x0A,
	0x0B, 0x02, 0x00, 0x26, 0x26, 0x00, 0x0C, 0x0B, 0x02, 0x19, 0x1A, 0x1A, 0x19, 0x04, 0x23, 0x4F,
	0x11, 0x22, 0x39, 0x45, 0x21, 0x27, 0x2E, 0x21, 0x4C, 0x47, 0x37, 0x02, 0x14, 0x0E, 0x02, 0x3E,
	0x4A, 0x02, 0x31, 0x1D, 0x25, 0x5D, 0x27, 0x26, 0x01, 0x14, 0x46, 0x76, 0x2F, 0x37, 0x18, 0x00,
	0x3F, 0x76, 0x3F, 0x18, 0x01, 0x2F, 0xFD, 0x2F, 0xFD, 0x2F, 0xFD, 0x00, 0x3F, 0xFD, 0x10, 0xFD,
	0x2F, 0xFD, 0x10, 0xFD, 0x87, 0x2E, 0x0E, 0xC4, 0xB9, 0x23, 0x59, 0x35, 0x5B, 0x0B, 0xFC, 0x0E,
	0xC4, 0x87, 0x2E, 0x0E, 0xC4, 0xB9, 0x3D, 0x28, 0x12, 0xDC, 0x0B, 0xFC, 0x0E, 0xC4, 0x00, 0x2E,
	0x01, 0x2E, 0x2E, 0x2E, 0x2E, 0x31, 0x30, 0xB2, 0x4F, 0x14, 0x05, 0x2B, 0x25, 0x0E, 0x02, 0x23,
	0x22, 0x26, 0x35, 0x34, 0x36, 0x37, 0x01, 0x07, 0x16, 0x15, 0x14, 0x06, 0x23, 0x22, 0x26, 0x35,
	0x34, 0x3E, 0x02, 0x37, 0x25, 0x3E, 0x01, 0x33, 0x32, 0x1E, 0x01, 0x15, 0x14, 0x0E, 0x02, 0x07,
	0x03, 0x22, 0x2E, 0x01, 0x35, 0x34, 0x36, 0x33, 0x32, 0x16, 0x15, 0x14, 0x06, 0x01, 0x26, 0x06,
	0x15, 0x14, 0x17, 0x16, 0x3E, 0x02, 0x35, 0x34, 0x01, 0x06, 0x15, 0x14, 0x16, 0x33, 0x32, 0x3E,
	0x02, 0x35, 0x34, 0x27, 0x26, 0x06, 0x01, 0x26, 0x08, 0x27, 0x26, 0x0B, 0x1C, 0x26, 0x1D, 0x0D,
	0x01, 0x3E, 0xD6, 0x04, 0x5A, 0x42, 0x33, 0x30, 0x4F, 0x47, 0x39, 0x06, 0x01, 0x20, 0x0C, 0x2F,
	0x0D, 0x08, 0x2E, 0x21, 0x04, 0x07, 0x2C, 0x02, 0x72, 0x36, 0x63, 0x08, 0x5A, 0x3B, 0x31, 0x5B,
	0x51, 0xFE, 0x79, 0x0A, 0x20, 0x04, 0x08, 0x17, 0x09, 0x07, 0x01, 0x3D, 0x18, 0x08, 0x07, 0x07,
	0x0D, 0x18, 0x0B, 0x08, 0x09, 0x10, 0xAE, 0x0C, 0x64, 0x0B, 0x26, 0x23, 0x18, 0x1A, 0x0C, 0x01,
	0xE0, 0x42, 0x13, 0x17, 0x46, 0x6E, 0x2E, 0x26, 0x37, 0x81, 0x2C, 0x04, 0x02, 0x54, 0x03, 0x1C,
	0x0C, 0x19, 0x14, 0x06, 0x12, 0x16, 0x26, 0x04, 0xFD, 0x4C, 0x40, 0x3C, 0x0B, 0x39, 0x54, 0x47,
	0x1F, 0x52, 0x5C, 0x02, 0x58, 0x04, 0x44, 0x14, 0x09, 0x03, 0x05, 0x19, 0x1A, 0x18, 0x0A, 0x0D,
	0xFE, 0x4B, 0x16, 0x18, 0x08, 0x08, 0x0A, 0x1F, 0x16, 0x06, 0x08, 0x03, 0x04, 0x0A, 0x00, 0x01,
	0x00, 0x11, 0xFF, 0xE6, 0x02, 0x4F, 0x03, 0x12, 0x00, 0x4F, 0x00, 0x4C, 0x40, 0x21, 0x4C, 0x45,
	0x31, 0x1E, 0x3F, 0x22, 0x0E, 0x39, 0x0B, 0x2E, 0x26, 0x26, 0x29, 0x19, 0x3C, 0x28, 0x07, 0x3F,
	0x39, 0x29, 0x02, 0x15, 0x39, 0x02, 0x15, 0x0B, 0x19, 0x2B, 0x07, 0x26, 0x01, 0x0B, 0x46, 0x76,
	0x2F, 0x37, 0x18, 0x00, 0x3F, 0x3F, 0x01, 0x2F, 0x3C, 0xFD, 0x10, 0xFD, 0x10, 0xD6, 0x00, 0x10,
	0xFD, 0x10, 0xFD, 0x10, 0xD6, 0x01, 0x11, 0x12, 0x39, 0x00, 0x2E, 0x2E, 0x01, 0x2E, 0x2E, 0x2E,
	0x2E, 0x31, 0x30, 0xB2, 0x50, 0x0B, 0x05, 0x2B, 0x01, 0x0E, 0x01, 0x07, 0x0E, 0x02, 0x23, 0x22,
	0x2E, 0x01, 0x35, 0x34, 0x36, 0x37, 0x06, 0x23, 0x22, 0x2E, 0x02, 0x27, 0x26, 0x3E, 0x01, 0x33,
	0x32, 0x1E, 0x02, 0x15, 0x14, 0x0E, 0x01, 0x23, 0x22, 0x2E, 0x01, 0x23, 0x22, 0x06, 0x17, 0x16,
	0x33, 0x32, 0x36, 0x33, 0x32, 0x16, 0x15, 0x14, 0x07, 0x0E, 0x01, 0x07, 0x0E, 0x01, 0x15, 0x14,
	0x16, 0x33, 0x32, 0x36, 0x37, 0x06, 0x23, 0x22, 0x2E, 0x01, 0x35, 0x34, 0x36, 0x24, 0x17, 0x1E,
	0x01, 0x15, 0x14, 0x0E, 0x01, 0x02, 0x02, 0x0F, 0x1C, 0x0F, 0x29, 0x4A, 0x6A, 0x36, 0x20, 0x40,
	0x3E, 0x44, 0x29, 0x06, 0x0A, 0x0A, 0x17, 0x16, 0x20, 0x05, 0x07, 0x62, 0x84, 0x29, 0x21, 0x2E,
	0x24, 0x11, 0x0C, 0x19, 0x0E, 0x19, 0x1E, 0x14, 0x0C, 0x15, 0x7B, 0x0C, 0x08, 0x0C, 0x15, 0x64,
	0x0F, 0x1A, 0x23, 0x19, 0x15, 0x1E, 0x05, 0x34, 0x58, 0x0B, 0x11, 0x1F, 0x56, 0x0F, 0x0C, 0x04,
	0x13, 0x19, 0x0F, 0x0F, 0x01, 0x12, 0x1A, 0x13, 0x1A, 0x12, 0x32, 0x01, 0x0E, 0x03, 0x0C, 0x09,
	0x48, 0x6D, 0x5B, 0x24, 0x4D, 0x30, 0x3B, 0x6C, 0x3A, 0x01, 0x06, 0x06, 0x19, 0x16, 0x20, 0xB6,
	0x9A, 0x28, 0x3C, 0x3A, 0x17, 0x14, 0x12, 0x0A, 0x19, 0x42, 0xB7, 0x09, 0x07, 0x3D, 0x1A, 0x19,
	0x1C, 0x23, 0x0C, 0x10, 0x0A, 0x24, 0xA1, 0x33, 0x0D, 0x16, 0x55, 0x2C, 0x02, 0x12, 0x1C, 0x0C,
	0x06, 0x1C, 0x54, 0x06, 0x04, 0x23, 0x14, 0x12, 0x13, 0x03, 0x00, 0x01, 0x00, 0x12, 0x02, 0x2A,
	0x00, 0x87, 0x03, 0x21, 0x00, 0x17, 0x00, 0x2C, 0x40, 0x11, 0x14, 0x0E, 0x00, 0x02, 0x09, 0x0D,
	0x0C, 0x02, 0x03, 0x17, 0x10, 0x0A, 0x06, 0x2C, 0x01, 0x0E, 0x46, 0x76, 0x2F, 0x37, 0x18, 0x00,
	0x3F, 0x3F, 0x01, 0x2F, 0x3C, 0xFD, 0x3C, 0x2F, 0xFD, 0x00, 0x01, 0x2E, 0x2E, 0x31, 0x30, 0xB2,
	0x18, 0x0E, 0x05, 0x2B, 0x13, 0x14, 0x16, 0x15, 0x14, 0x06, 0x23, 0x22, 0x26, 0x27, 0x26, 0x36,
	0x3D, 0x01, 0x27, 0x36, 0x33, 0x32, 0x1E, 0x01, 0x15, 0x14, 0x06, 0x15, 0x7E, 0x05, 0x0F, 0x18,
	0x16, 0x29, 0x05, 0x02, 0x08, 0x0C, 0x0F, 0x28, 0x14, 0x21, 0x09, 0x03, 0x02, 0x76, 0x09, 0x1E,
	0x02, 0x0B, 0x18, 0x1A, 0x14, 0x0B, 0x1E, 0x07, 0x4E, 0x30, 0x1B, 0x11, 0x19, 0x07, 0x07, 0x18,
	0x01, 0x00, 0x00, 0x01, 0x00, 0x1E, 0xFF, 0xF1, 0x00, 0xF5, 0x03, 0x37, 0x00, 0x20, 0x00, 0x1C,
	0x40, 0x09, 0x17, 0x03, 0x1E, 0x02, 0x0D, 0x14, 0x2E, 0x06, 0x2F, 0x00, 0x3F, 0x3F, 0x01, 0x2F,
	0xFD, 0x00, 0x01, 0x2E, 0x2E, 0x31, 0x30, 0xB2, 0x21, 0x0D, 0x05, 0x2B, 0x37, 0x1E, 0x01, 0x07,
	0x0E, 0x01, 0x23, 0x22, 0x2E, 0x01, 0x27, 0x2E, 0x01, 0x35, 0x34, 0x36, 0x37, 0x3E, 0x02, 0x33,
	0x32, 0x16, 0x15, 0x14, 0x0E, 0x01, 0x07, 0x0E, 0x01, 0x15, 0x14, 0x16, 0xCA, 0x02, 0x26, 0x04,
	0x05, 0x27, 0x1B, 0x32, 0x27, 0x05, 0x01, 0x17, 0x13, 0x21, 0x1B, 0x05, 0x09, 0x17, 0x14, 0x22,
	0x40, 0x04, 0x26, 0x03, 0x11, 0x1B, 0x16, 0x74, 0x0E, 0x35, 0x13, 0x16, 0x17, 0x2F, 0x2B, 0x09,
	0x55, 0xB9, 0x46, 0x35, 0xCE, 0x43, 0x23, 0x13, 0x13, 0x29, 0x1F, 0x07, 0x0B, 0x31, 0x10, 0x1C,
	0xB1, 0x2D, 0x43, 0xB1, 0x00, 0x01, 0x00, 0x17, 0xFF, 0xF3, 0x00, 0xEE, 0x03, 0x39, 0x00, 0x20,
	0x00, 0x1C, 0x40, 0x09, 0x17, 0x03, 0x1E, 0x02, 0x0D, 0x06, 0x31, 0x14, 0x32, 0x00, 0x3F, 0x3F,
	0x01, 0x2F, 0xFD, 0x00, 0x01, 0x2E, 0x2E, 0x31, 0x30, 0xB2, 0x21, 0x17, 0x05, 0x2B, 0x13, 0x2E,
	0x01, 0x37, 0x3E, 0x01, 0x33, 0x32, 0x1E, 0x01, 0x17, 0x1E, 0x01, 0x15, 0x14, 0x06, 0x07, 0x0E,
	0x02, 0x23, 0x22, 0x26, 0x35, 0x34, 0x3E, 0x01, 0x37, 0x3E, 0x01, 0x35, 0x34, 0x26, 0x42, 0x02,
	0x26, 0x04, 0x05, 0x27, 0x1B, 0x32, 0x27, 0x05, 0x01, 0x17, 0x13, 0x21, 0x1B, 0x05, 0x09, 0x17,
	0x14, 0x22, 0x40, 0x04, 0x26, 0x03, 0x11, 0x1B, 0x16, 0x02, 0xB6, 0x0E, 0x35, 0x13, 0x16, 0x17,
	0x2F, 0x2B, 0x09, 0x55, 0xB9, 0x46, 0x35, 0xCE, 0x43, 0x23, 0x13, 0x13, 0x29, 0x1F, 0x07, 0x0B,
	0x31, 0x10, 0x1C, 0xB1, 0x2D, 0x43, 0xB1, 0x00, 0x00, 0x01, 0x00, 0x17, 0x01, 0xCC, 0x01, 0x6C,
	0x03, 0x0A, 0x00, 0x48, 0x00, 0x5A, 0x40, 0x29, 0x13, 0x10, 0x3D, 0x24, 0x0B, 0x18, 0x24, 0x0B,
	0x35, 0x37, 0x45, 0x48, 0x36, 0x31, 0x16, 0x0B, 0x35, 0x24, 0x42, 0x38, 0x2E, 0x03, 0x08, 0x0B,
	0x31, 0x03, 0x02, 0x1D, 0x27, 0x25, 0x0B, 0x02, 0x48, 0x00, 0x2A, 0x3A, 0x05, 0x3B, 0x01, 0x13,
	0x46, 0x76, 0x2F, 0x37, 0x18, 0x00, 0x3F, 0x3F, 0x01, 0x2F, 0x3C, 0xFD, 0x3C, 0x3C, 0x2F, 0xFD,
	0x3C, 0x10, 0xD6, 0x10, 0xD6, 0x2F, 0xD6, 0x00, 0x2F, 0xFD, 0x3F, 0xFD, 0x2F, 0xFD, 0x00, 0x11,
	0x12, 0x39, 0x11, 0x12, 0x39, 0x00, 0x2E, 0x01, 0x2E, 0x31, 0x30, 0xB2, 0x49, 0x13, 0x05, 0x2B,
	0x13, 0x14, 0x16, 0x07, 0x06, 0x23, 0x22, 0x26, 0x35, 0x34, 0x36, 0x35, 0x06, 0x07, 0x0E, 0x01,
	0x07, 0x06, 0x26, 0x35, 0x34, 0x3E, 0x01, 0x3F, 0x01, 0x27, 0x26, 0x27, 0x26, 0x35, 0x34, 0x36,
	0x33, 0x32, 0x1E, 0x01, 0x17, 0x37, 0x26, 0x35, 0x34, 0x36, 0x33, 0x32, 0x1E, 0x01, 0x15, 0x14,
	0x06, 0x15, 0x37, 0x3E, 0x01, 0x33, 0x32, 0x16, 0x15, 0x14, 0x0E, 0x01, 0x0F, 0x01, 0x17, 0x1E,
	0x02, 0x15, 0x14, 0x06, 0x23, 0x22, 0x26, 0x27, 0xF3, 0x09, 0x03, 0x0B, 0x1B, 0x17, 0x15, 0x04,
	0x13, 0x23, 0x09, 0x0A, 0x0D, 0x13, 0x2B, 0x05, 0x23, 0x02, 0x4B, 0x35, 0x10, 0x0F, 0x04, 0x2D,
	0x18, 0x04, 0x0F, 0x12, 0x0D, 0x02, 0x03, 0x0D, 0x20, 0x0C, 0x15, 0x07, 0x06, 0x1C, 0x0C, 0x0D,
	0x06, 0x11, 0x1E, 0x08, 0x16, 0x05, 0x29, 0x35, 0x03, 0x13, 0x0A, 0x22, 0x16, 0x0F, 0x19, 0x19,
	0x02, 0x06, 0x05, 0x15, 0x07, 0x19, 0x19, 0x10, 0x08, 0x2E, 0x0E, 0x0E, 0x11, 0x07, 0x09, 0x01,
	0x02, 0x13, 0x0F, 0x03, 0x0F, 0x0B, 0x01, 0x29, 0x1A, 0x05, 0x06, 0x05, 0x09, 0x12, 0x24, 0x04,
	0x1C, 0x08, 0x30, 0x0E, 0x06, 0x04, 0x11, 0x08, 0x0F, 0x06, 0x07, 0x30, 0x0C, 0x0E, 0x0A, 0x09,
	0x1A, 0x10, 0x08, 0x0B, 0x05, 0x03, 0x1D, 0x1D, 0x02, 0x07, 0x0D, 0x07, 0x0F, 0x1A, 0x0E, 0x1B,
	0x00, 0x01, 0x00, 0x15, 0x00, 0xE8, 0x01, 0xAB, 0x02, 0x75, 0x00, 0x38, 0x00, 0x52, 0x40, 0x24,
	0x30, 0x27, 0x19, 0x12, 0x03, 0x38, 0x18, 0x0F, 0x28, 0x24, 0x1C, 0x0C, 0x24, 0x1C, 0x19, 0x16,
	0x3D, 0x0F, 0x18, 0x35, 0x0F, 0x37, 0x33, 0x35, 0x3C, 0x2C, 0x24, 0x02, 0x1C, 0x20, 0x3E, 0x07,
	0x3F, 0x01, 0x12, 0x46, 0x76, 0x2F, 0x37, 0x18, 0x00, 0x3F, 0x3F, 0x01, 0x2F, 0xFD, 0x00, 0x2F,
	0xFD, 0x3C, 0x3C, 0x2F, 0xFD, 0x10, 0xFD, 0x3C, 0x01, 0x11, 0x12, 0x39, 0x11, 0x12, 0x39, 0x00,
	0x11, 0x12, 0x39, 0x01, 0x2E, 0x2E, 0x2E, 0x2E, 0x2E, 0x31, 0x30, 0xB2, 0x39, 0x12, 0x05, 0x2B,
	0x01, 0x1E, 0x01, 0x15, 0x14, 0x0E, 0x01, 0x23, 0x22, 0x2E, 0x02, 0x27, 0x07, 0x06, 0x23, 0x2E,
	0x01, 0x35, 0x34, 0x3E, 0x01, 0x33, 0x16, 0x17, 0x37, 0x27, 0x26, 0x27, 0x34, 0x3E, 0x01, 0x33,
	0x32, 0x1E, 0x01, 0x15, 0x14, 0x06, 0x15, 0x17, 0x37, 0x3E, 0x01, 0x33, 0x32, 0x1E, 0x01, 0x15,
	0x14, 0x06, 0x23, 0x26, 0x23, 0x22, 0x0F, 0x01, 0x01, 0x1C, 0x01, 0x0C, 0x09, 0x27, 0x17, 0x12,
	0x16, 0x16, 0x0B, 0x03, 0x2A, 0x10, 0x14, 0x16, 0x1D, 0x0B, 0x12, 0x04, 0x12, 0x12, 0x32, 0x0A,
	0x05, 0x04, 0x0B, 0x33, 0x1A, 0x12, 0x1D, 0x0C, 0x0A, 0x06, 0x2C, 0x0B, 0x24, 0x09, 0x0A, 0x1B,
	0x1A, 0x17, 0x14, 0x0F, 0x08, 0x08, 0x05, 0x48, 0x01, 0x46, 0x09, 0x22, 0x07, 0x06, 0x15, 0x11,
	0x07, 0x19, 0x59, 0x13, 0x12, 0x06, 0x02, 0x2E, 0x1C, 0x10, 0x19, 0x0A, 0x04, 0x03, 0x08, 0x52,
	0x11, 0x12, 0x04, 0x10, 0x10, 0x08, 0x0E, 0x07, 0x04, 0x18, 0x08, 0x48, 0x08, 0x02, 0x0C, 0x0C,
	0x27, 0x14, 0x13, 0x16, 0x01, 0x01, 0x0C, 0x00, 0x00, 0x01, 0xFF, 0xDF, 0xFF, 0x7C, 0x00, 0xA4,
	0x00, 0x57, 0x00, 0x14, 0x00, 0x16, 0x40, 0x06, 0x11, 0x06, 0x0D, 0x41, 0x03, 0x42, 0x00, 0x3F,
	0x3F, 0x00, 0x01, 0x2E, 0x2E, 0x31, 0x30, 0xB2, 0x15, 0x06, 0x05, 0x2B, 0x17, 0x0E, 0x01, 0x23,
	0x22, 0x26, 0x37, 0x34, 0x36, 0x37, 0x3E, 0x02, 0x33, 0x32, 0x1E, 0x01, 0x15, 0x14, 0x07, 0x06,
	0x8C, 0x28, 0x2E, 0x11, 0x16, 0x30, 0x05, 0x42, 0x08, 0x05, 0x04, 0x0C, 0x0D, 0x18, 0x37, 0x05,
	0x06, 0x0B, 0x0E, 0x38, 0x3E, 0x2C, 0x18, 0x01, 0x42, 0x1B, 0x06, 0x27, 0x0C, 0x19, 0x1A, 0x04,
	0x0E, 0x0A, 0x0E, 0x00, 0x00, 0x01, 0x00, 0x30, 0x00, 0xFD, 0x01, 0x68, 0x01, 0x98, 0x00, 0x18,
	0x00, 0x2F, 0x40, 0x13, 0x12, 0x06, 0x00, 0x18, 0x02, 0x0A, 0x0B, 0x0B, 0x0A, 0x15, 0x44, 0x0E,
	0x18, 0x43, 0x0E, 0x0E, 0x45, 0x03, 0x46, 0x00, 0x3F, 0x3F, 0x00, 0x10, 0xFD, 0x10, 0xFD, 0x87,
	0x2E, 0x0E, 0xC4, 0x0E, 0xFC, 0x0E, 0xC4, 0x01, 0x2E, 0x2E, 0x31, 0x30, 0xB2, 0x19, 0x06, 0x05,
	0x2B, 0x13, 0x0E, 0x01, 0x23, 0x22, 0x26, 0x35, 0x34, 0x3E, 0x01, 0x3F, 0x01, 0x3E, 0x01, 0x33,
	0x32, 0x1E, 0x01, 0x15, 0x14, 0x06, 0x23, 0x22, 0x26, 0x07, 0xAA, 0x0B, 0x27, 0x0A, 0x0B, 0x33,
	0x10, 0x40, 0x0A, 0x72, 0x13, 0x18, 0x0C, 0x0C, 0x19, 0x10, 0x14, 0x0B, 0x04, 0x25, 0x0A, 0x01,
	0x10, 0x02, 0x11, 0x19, 0x2E, 0x13, 0x13, 0x02, 0x02, 0x1E, 0x06, 0x06, 0x0E, 0x26, 0x14, 0x19,
	0x12, 0x07, 0x02, 0x00, 0x00, 0x01, 0x00, 0x18, 0xFF, 0xF1, 0x00, 0xA3, 0x00, 0x9C, 0x00, 0x17,
	0x00, 0x23, 0x40, 0x0C, 0x08, 0x0E, 0x0C, 0x02, 0x15, 0x12, 0x47, 0x05, 0x2F, 0x01, 0x08, 0x46,
	0x76, 0x2F, 0x37, 0x18, 0x00, 0x3F, 0x3F, 0x01, 0x2F, 0xFD, 0x3C, 0x00, 0x01, 0x2E, 0x31, 0x30,
	0xB2, 0x18, 0x08, 0x05, 0x2B, 0x37, 0x0E, 0x03, 0x23, 0x22, 0x26, 0x35, 0x34, 0x3E, 0x01, 0x35,
	0x26, 0x35, 0x34, 0x3E, 0x01, 0x33, 0x32, 0x16, 0x17, 0x16, 0x06, 0x96, 0x02, 0x01, 0x0F, 0x14,
	0x0E, 0x1D, 0x2D, 0x0B, 0x03, 0x01, 0x04, 0x13, 0x1A, 0x1B, 0x2C, 0x04, 0x02, 0x09, 0x39, 0x17,
	0x1B, 0x10, 0x06, 0x18, 0x15, 0x09, 0x1B, 0x0C, 0x0C, 0x10, 0x07, 0x09, 0x0F, 0x13, 0x17, 0x14,
	0x0D, 0x1D, 0x00, 0x01, 0x00, 0x00, 0xFF, 0xED, 0x01, 0xFE, 0x03, 0x30, 0x00, 0x14, 0x00, 0x25,
	0x40, 0x0D, 0x11, 0x06, 0x00, 0x14, 0x02, 0x09, 0x0A, 0x0A, 0x09, 0x0E, 0x49, 0x03, 0x5A, 0x00,
	0x3F, 0x3F, 0x00, 0x87, 0x2E, 0x0E, 0xC4, 0x0E, 0xFC, 0x0E, 0xC4, 0x01, 0x2E, 0x2E, 0x31, 0x30,
	0xB2, 0x15, 0x06, 0x05, 0x2B, 0x37, 0x0E, 0x01, 0x07, 0x06, 0x26, 0x35, 0x34, 0x36, 0x37, 0x01,
	0x3E, 0x02, 0x33, 0x32, 0x16, 0x15, 0x14, 0x06, 0x07, 0x98, 0x05, 0x1E, 0x0F, 0x18, 0x4E, 0x21,
	0x03, 0x01, 0x4A, 0x09, 0x0B, 0x17, 0x0D, 0x1E, 0x3A, 0x30, 0x02, 0x5C, 0x09, 0x5E, 0x03, 0x05,
	0x2D, 0x22, 0x10, 0x27, 0x05, 0x02, 0x6A, 0x22, 0x1F, 0x0D, 0x30, 0x1E, 0x0A, 0x30, 0x04, 0x00,
	0x00, 0x02, 0x00, 0x12, 0xFF, 0xDC, 0x01, 0xCE, 0x03, 0x2B, 0x00, 0x0C, 0x00, 0x18, 0x00, 0x2D,
	0x40, 0x13, 0x16, 0x4C, 0x0A, 0x10, 0x40, 0x03, 0x0D, 0x02, 0x06, 0x13, 0x02, 0x00, 0x0A, 0x25,
	0x03, 0x4D, 0x01, 0x06, 0x46, 0x76, 0x2F, 0x37, 0x18, 0x00, 0x3F, 0x3F, 0x01, 0x2F, 0xFD, 0x2F,
	0xFD, 0x00, 0x10, 0xFD, 0x10, 0xFD, 0x31, 0x30, 0xB2, 0x19, 0x06, 0x05, 0x2B, 0x01, 0x14, 0x02,
	0x23, 0x22, 0x02, 0x35, 0x34, 0x3E, 0x01, 0x33, 0x32, 0x12, 0x05, 0x14, 0x16, 0x33, 0x32, 0x36,
	0x35, 0x34, 0x26, 0x23, 0x22, 0x06, 0x01, 0xCE, 0x6E, 0x76, 0x77, 0x61, 0x75, 0x6A, 0x0C, 0x69,
	0x68, 0xFE, 0xD4, 0x27, 0x21, 0x1D, 0x37, 0x1A, 0x34, 0x1E, 0x30, 0x01, 0x8C, 0xAB, 0xFE, 0xFB,
	0x01, 0x00, 0xB0, 0x96, 0xFD, 0x0C, 0xFE, 0xFF, 0x9E, 0x69, 0xC3, 0xCC, 0x60, 0x81, 0x93, 0xB8,
	0x00, 0x01, 0x00, 0x08, 0xFF, 0xE8, 0x01, 0x1A, 0x03, 0x30, 0x00, 0x1B, 0x00, 0x36, 0x40, 0x16,
	0x0E, 0x07, 0x15, 0x11, 0x00, 0x03, 0x12, 0x11, 0x04, 0x02, 0x11, 0x03, 0x02, 0x11, 0x0B, 0x0A,
	0x49, 0x19, 0x4F, 0x01, 0x07, 0x46, 0x76, 0x2F, 0x37, 0x18, 0x00, 0x3F, 0x3F, 0x3C, 0x01, 0x2F,
	0xFD, 0x10, 0xFD, 0x10, 0xD6, 0x10, 0xD6, 0x10, 0xD6, 0x00, 0x01, 0x2E, 0x2E, 0x31, 0x30, 0xB2,
	0x1C, 0x07, 0x05, 0x2B, 0x37, 0x3E, 0x01, 0x35, 0x03, 0x34, 0x26, 0x35, 0x3E, 0x01, 0x3B, 0x01,
	0x32, 0x16, 0x15, 0x14, 0x06, 0x15, 0x13, 0x14, 0x16, 0x15, 0x14, 0x0E, 0x01, 0x23, 0x22, 0x26,
	0x4C, 0x02, 0x26, 0x12, 0x5A, 0x1E, 0x4B, 0x1D, 0x0E, 0x26, 0x3A, 0x16, 0x10, 0x24, 0x11, 0x23,
	0x19, 0x33, 0x54, 0x40, 0x0E, 0x28, 0x0E, 0x01, 0xBC, 0x17, 0x2E, 0x21, 0x40, 0x4A, 0x34, 0x26,
	0x0B, 0x20, 0x0B, 0xFD, 0xF0, 0x13, 0x3E, 0x11, 0x11, 0x26, 0x0F, 0x33, 0x00, 0x01, 0x00, 0x0C,
	0xFF, 0xD9, 0x02, 0x1A, 0x03, 0x39, 0x00, 0x35, 0x00, 0x32, 0x40, 0x16, 0x27, 0x1E, 0x1A, 0x11,
	0x07, 0x00, 0x1E, 0x54, 0x36, 0x30, 0x52, 0x36, 0x07, 0x51, 0x17, 0x23, 0x50, 0x2B, 0x17, 0x31,
	0x33, 0x55, 0x00, 0x3F, 0x3F, 0x00, 0x2F, 0xFD, 0x10, 0xFD, 0x10, 0xFD, 0x10, 0xFD, 0x01, 0x2E,
	0x2E, 0x2E, 0x2E, 0x2E, 0x2E, 0x31, 0x30, 0xB2, 0x36, 0x00, 0x05, 0x2B, 0x37, 0x34, 0x36, 0x37,
	0x36, 0x12, 0x36, 0x27, 0x26, 0x06, 0x07, 0x0E, 0x02, 0x23, 0x22, 0x26, 0x27, 0x26, 0x36, 0x37,
	0x3E, 0x01, 0x33, 0x32, 0x16, 0x17, 0x16, 0x06, 0x02, 0x07, 0x3E, 0x03, 0x33, 0x32, 0x1E, 0x01,
	0x15, 0x14, 0x0E, 0x01, 0x23, 0x22, 0x26, 0x07, 0x26, 0x23, 0x22, 0x06, 0x23, 0x22, 0x26, 0x0C,
	0x36, 0x06, 0x10, 0x84, 0x72, 0x06, 0x0B, 0x3C, 0x09, 0x0C, 0x0E, 0x20, 0x09, 0x1F, 0x42, 0x04,
	0x02, 0x3E, 0x28, 0x34, 0x5F, 0x2D, 0x30, 0x47, 0x07, 0x04, 0x37, 0x9D, 0x30, 0x1A, 0x5B, 0x3A,
	0x17, 0x0A, 0x12, 0x24, 0x22, 0x28, 0x24, 0x08, 0x0E, 0x38, 0x08, 0x06, 0x0E, 0x23, 0xB9, 0x0C,
	0x1E, 0x52, 0x2B, 0x14, 0x20, 0x0C, 0x11, 0x01, 0x0A, 0xFE, 0x05, 0x08, 0x2F, 0x0F, 0x08, 0x3B,
	0x0C, 0x31, 0x20, 0x10, 0x3C, 0x1A, 0x35, 0x49, 0x38, 0x2E, 0x18, 0x80, 0xFE, 0xB3, 0x71, 0x03,
	0x13, 0x0D, 0x05, 0x12, 0x2E, 0x15, 0x19, 0x23, 0x08, 0x11, 0x02, 0x01, 0x43, 0x34, 0x00, 0x01,
	0x00, 0x02, 0xFF, 0xE6, 0x01, 0xD6, 0x03, 0x30, 0x00, 0x3A, 0x00, 0x3F, 0x40, 0x1C, 0x38, 0x2E,
	0x24, 0x12, 0x0F, 0x03, 0x00, 0x58, 0x3B, 0x03, 0x57, 0x35, 0x19, 0x56, 0x28, 0x06, 0x02, 0x32,
	0x17, 0x02, 0x2B, 0x28, 0x49, 0x35, 0x26, 0x01, 0x38, 0x46, 0x76, 0x2F, 0x37, 0x18, 0x00, 0x3F,
	0x3F, 0x01, 0x2F, 0xFD, 0x2F, 0xFD, 0x00, 0x10, 0xFD, 0x10, 0xFD, 0x10, 0xFD, 0x10, 0xD6, 0x01,
	0x2E, 0x2E, 0x2E, 0x2E, 0x31, 0x30, 0xB2, 0x3B, 0x38, 0x05, 0x2B, 0x37, 0x32, 0x16, 0x33, 0x32,
	0x36, 0x35, 0x34, 0x26, 0x23, 0x22, 0x06, 0x07, 0x0E, 0x01, 0x23, 0x22, 0x26, 0x35, 0x34, 0x3E,
	0x02, 0x35, 0x34, 0x27, 0x26, 0x06, 0x07, 0x0E, 0x03, 0x23, 0x22, 0x26, 0x27, 0x26, 0x3E, 0x01,
	0x33, 0x32, 0x16, 0x15, 0x14, 0x06, 0x07, 0x1E, 0x02, 0x15, 0x14, 0x02, 0x07, 0x06, 0x26, 0x27,
	0x26, 0x36, 0x42, 0x1F, 0x3E, 0x12, 0x0D, 0x86, 0x11, 0x08, 0x0D, 0x24, 0x10, 0x0D, 0x25, 0x10,
	0x1E, 0x42, 0x5B, 0x30, 0x63, 0x04, 0x06, 0x4E, 0x20, 0x0A, 0x1F, 0x18, 0x0D, 0x05, 0x1F, 0x37,
	0x09, 0x04, 0x82, 0x9F, 0x27, 0x32, 0x3A, 0x2A, 0x3C, 0x35, 0x3C, 0x0F, 0xE1, 0x43, 0x22, 0x84,
	0x06, 0x04, 0x26, 0xBA, 0x30, 0xB3, 0x20, 0x08, 0x09, 0x19, 0x0B, 0x05, 0x21, 0x42, 0x26, 0x1A,
	0x1E, 0x25, 0x8A, 0x20, 0x09, 0x04, 0x06, 0x41, 0x23, 0x08, 0x33, 0x09, 0x02, 0x2F, 0x1F, 0x0F,
	0x72, 0x65, 0x46, 0x32, 0x50, 0x51, 0x43, 0x0E, 0x29, 0x31, 0x05, 0x45, 0xFE, 0xD6, 0x0C, 0x06,
	0x7A, 0x1E, 0x18, 0x24, 0x00, 0x02, 0x00, 0x0A, 0xFF, 0xDD, 0x02, 0x3A, 0x03, 0x3A, 0x00, 0x3D,
	0x00, 0x40, 0x00, 0x62, 0x40, 0x30, 0x26, 0x1C, 0x0C, 0x20, 0x09, 0x04, 0x3E, 0x40, 0x02, 0x10,
	0x11, 0x11, 0x10, 0x30, 0x31, 0x23, 0x29, 0x2D, 0x37, 0x2F, 0x00, 0x02, 0x1F, 0x3F, 0x14, 0x04,
	0x03, 0x04, 0x13, 0x02, 0x1F, 0x40, 0x02, 0x34, 0x32, 0x31, 0x30, 0x2F, 0x20, 0x06, 0x1F, 0x18,
	0x5D, 0x3B, 0x5E, 0x01, 0x0C, 0x46, 0x76, 0x2F, 0x37, 0x18, 0x00, 0x3F, 0x3F, 0x01, 0x2F, 0x17,
	0x3C, 0xFD, 0x10, 0xFD, 0x17, 0x3C, 0x10, 0xFD, 0x10, 0xD6, 0x00, 0x2F, 0xFD, 0x2F, 0xD6, 0x87,
	0x2E, 0x0E, 0xC4, 0x0E, 0xFC, 0x0E, 0xC4, 0x00, 0x2E, 0x2E, 0x2E, 0x01, 0x2E, 0x2E, 0x2E, 0x31,
	0x30, 0xB2, 0x41, 0x0C, 0x05, 0x2B, 0x37, 0x34, 0x36, 0x35, 0x27, 0x0E, 0x03, 0x27, 0x2E, 0x01,
	0x35, 0x34, 0x37, 0x36, 0x37, 0x13, 0x36, 0x3D, 0x01, 0x34, 0x3E, 0x01, 0x33, 0x32, 0x1E, 0x01,
	0x15, 0x14, 0x06, 0x1D, 0x01, 0x3E, 0x01, 0x33, 0x32, 0x16, 0x15, 0x14, 0x0E, 0x01, 0x23, 0x22,
	0x26, 0x23, 0x06, 0x07, 0x1D, 0x02, 0x14, 0x07, 0x14, 0x16, 0x15, 0x14, 0x0E, 0x01, 0x23, 0x22,
	0x26, 0x03, 0x3F, 0x01, 0xEE, 0x22, 0x02, 0x1D, 0x45, 0x24, 0x21, 0x0D, 0x1A, 0x36, 0x0C, 0x13,
	0x13, 0xCC, 0x06, 0x02, 0x13, 0x17, 0x23, 0x53, 0x0E, 0x30, 0x23, 0x23, 0x0C, 0x21, 0x39, 0x21,
	0x1F, 0x08, 0x04, 0x1F, 0x09, 0x1B, 0x1B, 0x02, 0x1B, 0x19, 0x26, 0x09, 0x22, 0x51, 0x34, 0x54,
	0x06, 0x4E, 0x0B, 0x2A, 0x15, 0x6A, 0x08, 0x0B, 0x07, 0x18, 0x02, 0x04, 0x42, 0x22, 0x15, 0x0A,
	0x0D, 0x0E, 0x01, 0x6E, 0x0B, 0x10, 0x12, 0x09, 0x0C, 0x16, 0x43, 0x31, 0x05, 0x0C, 0x6B, 0x1A,
	0x9E, 0x0D, 0x0B, 0x2C, 0x22, 0x19, 0x23, 0x07, 0x07, 0x02, 0x02, 0x51, 0x0C, 0x0C, 0x27, 0x0A,
	0x12, 0x48, 0x09, 0x12, 0x1E, 0x12, 0x4D, 0x01, 0x3E, 0x12, 0x9C, 0x00, 0x00, 0x01, 0xFF, 0xFC,
	0xFF, 0xC7, 0x02, 0x0A, 0x03, 0x27, 0x00, 0x3D, 0x00, 0x54, 0x40, 0x27, 0x2A, 0x1F, 0x18, 0x03,
	0x30, 0x3A, 0x0D, 0x12, 0x0A, 0x30, 0x37, 0x06, 0x5F, 0x3E, 0x0A, 0x58, 0x00, 0x2D, 0x50, 0x27,
	0x0F, 0x40, 0x37, 0x70, 0x0D, 0x02, 0x3A, 0x34, 0x31, 0x02, 0x1C, 0x1B, 0x27, 0x62, 0x00, 0x63,
	0x01, 0x03, 0x46, 0x76, 0x2F, 0x37, 0x18, 0x00, 0x3F, 0x3F, 0x01, 0x2F, 0x3C, 0xFD, 0x3C, 0x2F,
	0xFD, 0x00, 0x3F, 0xFD, 0x10, 0xFD, 0x10, 0xFD, 0x10, 0xFD, 0x10, 0xD6, 0x10, 0xD6, 0x01, 0x11,
	0x12, 0x39, 0x01, 0x2E, 0x2E, 0x2E, 0x2E, 0x31, 0x30, 0xB2, 0x3E, 0x03, 0x05, 0x2B, 0x17, 0x2E,
	0x01, 0x37, 0x3E, 0x01, 0x33, 0x32, 0x1E, 0x01, 0x33, 0x32, 0x36, 0x35, 0x34, 0x27, 0x26, 0x06,
	0x27, 0x2E, 0x01, 0x27, 0x2E, 0x01, 0x35, 0x34, 0x36, 0x3D, 0x01, 0x34, 0x26, 0x35, 0x34, 0x3E,
	0x05, 0x33, 0x32, 0x16, 0x15, 0x14, 0x06, 0x07, 0x06, 0x26, 0x0F, 0x01, 0x1C, 0x01, 0x15, 0x3E,
	0x01, 0x33, 0x32, 0x16, 0x15, 0x14, 0x0E, 0x01, 0xE0, 0x2F, 0xB5, 0x08, 0x06, 0x24, 0x1A, 0x0C,
	0x1B, 0x3A, 0x17, 0x1A, 0x64, 0x06, 0x0E, 0x82, 0x18, 0x11, 0x19, 0x0C, 0x16, 0x1C, 0x2C, 0x0E,
	0x0E, 0x99, 0x3A, 0x44, 0x30, 0x2A, 0x05, 0x1F, 0x21, 0x27, 0x1B, 0x0F, 0x2C, 0x0D, 0xA2, 0x1F,
	0x3C, 0x29, 0x31, 0x47, 0x64, 0x7E, 0x36, 0x06, 0xA5, 0x1D, 0x16, 0x13, 0x04, 0x33, 0xD9, 0x30,
	0x0E, 0x03, 0x08, 0x61, 0x05, 0x04, 0x20, 0x10, 0x11, 0x17, 0x13, 0x0E, 0x26, 0x11, 0x74, 0x0D,
	0x54, 0x0B, 0x0F, 0x17, 0x03, 0x07, 0x0A, 0x09, 0x06, 0x25, 0x32, 0x18, 0x25, 0x05, 0x03, 0x16,
	0x01, 0x16, 0x22, 0x55, 0x19, 0x16, 0x12, 0x3E, 0x34, 0x4E, 0xE5, 0xB6, 0x00, 0x02, 0x00, 0x1A,
	0xFF, 0xEA, 0x01, 0xD3, 0x03, 0x32, 0x00, 0x24, 0x00, 0x34, 0x00, 0x46, 0x40, 0x21, 0x0D, 0x1C,
	0x32, 0x40, 0x22, 0x17, 0x35, 0x03, 0x2B, 0x64, 0x1C, 0x0B, 0x10, 0x13, 0x28, 0x09, 0x1F, 0x2F,
	0x02, 0x00, 0x1A, 0x02, 0x00, 0x28, 0x02, 0x1F, 0x03, 0x66, 0x22, 0x67, 0x01, 0x00, 0x46, 0x76,
	0x2F, 0x37, 0x18, 0x00, 0x3F, 0x3F, 0x01, 0x2F, 0xFD, 0x2F, 0xFD, 0x10, 0xFD, 0x10, 0xD6, 0x10,
	0xD6, 0x3C, 0x00, 0x3F, 0xFD, 0x10, 0xFD, 0x10, 0xFD, 0x10, 0xD6, 0x31, 0x30, 0xB2, 0x35, 0x00,
	0x05, 0x2B, 0x13, 0x34, 0x12, 0x33, 0x32, 0x16, 0x17, 0x1E, 0x01, 0x15, 0x14, 0x0E, 0x01, 0x23,
	0x22, 0x26, 0x35, 0x34, 0x36, 0x35, 0x34, 0x27, 0x26, 0x23, 0x22, 0x06, 0x15, 0x36, 0x33, 0x32,
	0x16, 0x15, 0x14, 0x06, 0x23, 0x22, 0x26, 0x25, 0x3E, 0x01, 0x35, 0x34, 0x26, 0x27, 0x26, 0x0E,
	0x01, 0x15, 0x14, 0x16, 0x17, 0x16, 0x36, 0x1A, 0x7A, 0x5E, 0x3A, 0x52, 0x20, 0x17, 0x1E, 0x09,
	0x31, 0x1E, 0x36, 0x20, 0x02, 0x09, 0x06, 0x1A, 0x16, 0x38, 0x1F, 0x35, 0x54, 0x6C, 0x65, 0x49,
	0x73, 0x89, 0x01, 0x1A, 0x03, 0x04, 0x14, 0x17, 0x16, 0x2E, 0x0F, 0x0D, 0x10, 0x1B, 0x35, 0x01,
	0x52, 0xCF, 0x01, 0x11, 0x3F, 0x3D, 0x10, 0x25, 0x15, 0x09, 0x1C, 0x14, 0x25, 0x10, 0x05, 0x14,
	0x04, 0x0E, 0x09, 0x1E, 0x93, 0x49, 0x2E, 0x8B, 0x5F, 0x51, 0xE7, 0xC1, 0x47, 0x11, 0x20, 0x12,
	0x2A, 0x36, 0x05, 0x06, 0x5F, 0x52, 0x22, 0x27, 0x34, 0x04, 0x08, 0x58, 0x00, 0x01, 0x00, 0x0C,
	0xFF, 0xDC, 0x01, 0xFB, 0x03, 0x39, 0x00, 0x26, 0x00, 0x25, 0x40, 0x0E, 0x1B, 0x0C, 0x04, 0x00,
	0x10, 0x04, 0x08, 0x68, 0x13, 0xFD, 0x18, 0x31, 0x24, 0x4D, 0x00, 0x3F, 0x3F, 0x00, 0x3F, 0xFD,
	0x00, 0x2E, 0x2E, 0x01, 0x2E, 0x2E, 0x2E, 0x2E, 0x31, 0x30, 0xB2, 0x27, 0x00, 0x05, 0x2B, 0x37,
	0x34, 0x36, 0x37, 0x13, 0x07, 0x0E, 0x01, 0x23, 0x22, 0x2E, 0x01, 0x35, 0x34, 0x3E, 0x01, 0x33,
	0x32, 0x16, 0x33, 0x32, 0x37, 0x3E, 0x01, 0x17, 0x1E, 0x01, 0x15, 0x14, 0x0E, 0x01, 0x07, 0x03,
	0x0E, 0x02, 0x23, 0x22, 0x26, 0x0C, 0x3A, 0x06, 0xE6, 0x78, 0x0C, 0x2F, 0x10, 0x06, 0x1B, 0x2B,
	0x15, 0x12, 0x0E, 0x07, 0x1E, 0x0A, 0x0A, 0x0B, 0x37, 0xD5, 0x02, 0x26, 0x2B, 0x08, 0x3C, 0x07,
	0xD8, 0x08, 0x05, 0x36, 0x12, 0x2C, 0x4B, 0x40, 0x1C, 0x2F, 0x0D, 0x02, 0x02, 0x2A, 0x04, 0x1B,
	0x05, 0x41, 0x20, 0x17, 0x1A, 0x07, 0x04, 0x03, 0x08, 0x43, 0x01, 0x0A, 0x37, 0x23, 0x0C, 0x22,
	0x26, 0x10, 0xFE, 0x1A, 0x11, 0x88, 0x15, 0x3F, 0x00, 0x03, 0x00, 0x14, 0xFF, 0xE4, 0x01, 0xAA,
	0x03, 0x30, 0x00, 0x17, 0x00, 0x24, 0x00, 0x32, 0x00, 0x54, 0x40, 0x27, 0x1C, 0x15, 0x09, 0x2A,
	0x25, 0x25, 0x15, 0x09, 0x1C, 0x22, 0x22, 0x6D, 0x0F, 0x30, 0x4C, 0x03, 0x00, 0x12, 0x28, 0x1F,
	0x09, 0x02, 0x15, 0x1A, 0x02, 0x0B, 0x2D, 0x02, 0x06, 0x1F, 0x02, 0x12, 0x0F, 0x49, 0x03, 0x6F,
	0x01, 0x06, 0x46, 0x76, 0x2F, 0x37, 0x18, 0x00, 0x3F, 0x3F, 0x01, 0x2F, 0xFD, 0x2F, 0xFD, 0x2F,
	0xFD, 0x2F, 0xFD, 0x10, 0xD6, 0x10, 0xD6, 0x00, 0x10, 0xFD, 0x10, 0xFD, 0x10, 0xD6, 0x01, 0x11,
	0x12, 0x39, 0x10, 0x3C, 0x11, 0x12, 0x39, 0x31, 0x30, 0xB2, 0x33, 0x06, 0x05, 0x2B, 0x25, 0x14,
	0x06, 0x23, 0x22, 0x26, 0x35, 0x34, 0x36, 0x37, 0x26, 0x35, 0x34, 0x3E, 0x01, 0x33, 0x32, 0x16,
	0x15, 0x14, 0x06, 0x07, 0x1E, 0x01, 0x03, 0x06, 0x15, 0x14, 0x17, 0x3E, 0x01, 0x35, 0x34, 0x26,
	0x23, 0x22, 0x06, 0x13, 0x3E, 0x01, 0x35, 0x34, 0x27, 0x0E, 0x01, 0x15, 0x14, 0x16, 0x33, 0x32,
	0x36, 0x01, 0xAA, 0xB2, 0x3C, 0x2A, 0x7E, 0x6A, 0x12, 0x72, 0x77, 0x62, 0x17, 0x46, 0x4A, 0x31,
	0x35, 0x3B, 0x37, 0xE4, 0x11, 0x1F, 0x19, 0x2F, 0x0B, 0x06, 0x11, 0x29, 0x29, 0x0B, 0x0C, 0x17,
	0x3F, 0x20, 0x0C, 0x06, 0x10, 0x28, 0xD2, 0x40, 0xAE, 0x74, 0x36, 0x3A, 0xA2, 0x1C, 0x3E, 0x88,
	0x3D, 0x91, 0x16, 0x61, 0x47, 0x44, 0x4F, 0x4B, 0x3B, 0x5D, 0x01, 0x5A, 0x22, 0x1A, 0x21, 0x15,
	0x2E, 0x59, 0x11, 0x09, 0x08, 0x22, 0xFE, 0x29, 0x0D, 0x25, 0x13, 0x26, 0x09, 0x56, 0x35, 0x11,
	0x0A, 0x09, 0x20, 0x00, 0x00, 0x02, 0x00, 0x1B, 0xFF, 0xE8, 0x01, 0xD4, 0x03, 0x30, 0x00, 0x24,
	0x00, 0x34, 0x00, 0x4C, 0x40, 0x23, 0x1A, 0x2B, 0x1C, 0x0D, 0x1C, 0x32, 0x40, 0x22, 0x17, 0x35,
	0x03, 0x2B, 0x64, 0x1C, 0x10, 0x13, 0x28, 0x09, 0x1F, 0x2F, 0x02, 0x00, 0x1A, 0x02, 0x00, 0x28,
	0x02, 0x1F, 0x22, 0x49, 0x03, 0x4F, 0x01, 0x09, 0x46, 0x76, 0x2F, 0x37, 0x18, 0x00, 0x3F, 0x3F,
	0x01, 0x2F, 0xFD, 0x2F, 0xFD, 0x10, 0xFD, 0x10, 0xD6, 0x10, 0xD6, 0x3C, 0x00, 0x2F, 0xFD, 0x10,
	0xFD, 0x10, 0xFD, 0x10, 0xD6, 0x00, 0x11, 0x12, 0x39, 0x31, 0x30, 0xB2, 0x35, 0x09, 0x05, 0x2B,
	0x01, 0x14, 0x02, 0x23, 0x22, 0x26, 0x27, 0x2E, 0x01, 0x35, 0x34, 0x3E, 0x01, 0x33, 0x32, 0x16,
	0x15, 0x14, 0x06, 0x15, 0x14, 0x17, 0x16, 0x33, 0x32, 0x36, 0x35, 0x06, 0x23, 0x22, 0x26, 0x35,
	0x34, 0x36, 0x33, 0x32, 0x16, 0x05, 0x0E, 0x01, 0x15, 0x14, 0x16, 0x17, 0x16, 0x3E, 0x01, 0x35,
	0x34, 0x26, 0x27, 0x26, 0x06, 0x01, 0xD4, 0x7A, 0x5E, 0x3A, 0x52, 0x20, 0x17, 0x1E, 0x09, 0x31,
	0x1E, 0x36, 0x20, 0x02, 0x09, 0x06, 0x1A, 0x16, 0x38, 0x1F, 0x35, 0x54, 0x6C, 0x65, 0x49, 0x73,
	0x89, 0xFE, 0xE6, 0x03, 0x04, 0x14, 0x17, 0x16, 0x2E, 0x0F, 0x0D, 0x10, 0x1B, 0x35, 0x01, 0xC8,
	0xCF, 0xFE, 0xEF, 0x3F, 0x3D, 0x10, 0x25, 0x15, 0x09, 0x1C, 0x14, 0x25, 0x10, 0x05, 0x14, 0x04,
	0x0E, 0x09, 0x1E, 0x93, 0x49, 0x2E, 0x8B, 0x5F, 0x51, 0xE7, 0xC1, 0x47, 0x11, 0x20, 0x12, 0x2A,
	0x36, 0x05, 0x06, 0x5F, 0x52, 0x22, 0x27, 0x34, 0x04, 0x08, 0x58, 0x00, 0x00, 0x02, 0x00, 0x18,
	0xFF, 0xF1, 0x00, 0xC1, 0x02, 0x22, 0x00, 0x17, 0x00, 0x2F, 0x00, 0x36, 0x40, 0x17, 0x20, 0x08,
	0x1D, 0x1D, 0x2A, 0x12, 0x1D, 0x05, 0x15, 0x02, 0x0E, 0x0C, 0x26, 0x24, 0x02, 0x2D, 0x2A, 0x70,
	0x05, 0x2F, 0x01, 0x08, 0x46, 0x76, 0x2F, 0x37, 0x18, 0x00, 0x3F, 0x3F, 0x01, 0x2F, 0xFD, 0x3C,
	0x2F, 0x3C, 0xFD, 0x00, 0x10, 0xFD, 0x10, 0xFD, 0x01, 0x2E, 0x2E, 0x31, 0x30, 0xB2, 0x30, 0x08,
	0x05, 0x2B, 0x37, 0x0E, 0x03, 0x23, 0x22, 0x26, 0x35, 0x34, 0x3E, 0x01, 0x35, 0x26, 0x35, 0x34,
	0x3E, 0x01, 0x33, 0x32, 0x16, 0x17, 0x16, 0x06, 0x13, 0x0E, 0x03, 0x23, 0x22, 0x26, 0x35, 0x34,
	0x3E, 0x01, 0x35, 0x26, 0x35, 0x34, 0x3E, 0x01, 0x33, 0x32, 0x16, 0x17, 0x16, 0x06, 0x96, 0x02,
	0x01, 0x0F, 0x14, 0x0E, 0x1D, 0x2D, 0x0B, 0x03, 0x01, 0x04, 0x13, 0x1A, 0x1B, 0x2C, 0x04, 0x02,
	0x09, 0x1A, 0x02, 0x01, 0x0F, 0x14, 0x0E, 0x1D, 0x2D, 0x0B, 0x03, 0x01, 0x04, 0x13, 0x1A, 0x1B,
	0x2C, 0x04, 0x02, 0x09, 0x39, 0x17, 0x1B, 0x10, 0x06, 0x18, 0x15, 0x09, 0x1B, 0x0C, 0x0C, 0x10,
	0x07, 0x09, 0x0F, 0x13, 0x17, 0x14, 0x0D, 0x1D, 0x01, 0x78, 0x17, 0x1B, 0x10, 0x06, 0x18, 0x15,
	0x09, 0x1B, 0x0C, 0x0C, 0x10, 0x07, 0x09, 0x0F, 0x13, 0x17, 0x14, 0x0D, 0x1D, 0x00, 0x00, 0x02,
	0xFF, 0xC7, 0xFF, 0x88, 0x00, 0xA9, 0x02, 0x22, 0x00, 0x15, 0x00, 0x2D, 0x00, 0x31, 0x40, 0x14,
	0x1E, 0x13, 0x07, 0x0E, 0x71, 0x2E, 0x1B, 0x1D, 0x28, 0x24, 0x22, 0x02, 0x2B, 0x28, 0x70, 0x04,
	0x72, 0x01, 0x07, 0x46, 0x76, 0x2F, 0x37, 0x18, 0x00, 0x3F, 0x3F, 0x01, 0x2F, 0xFD, 0x3C, 0x00,
	0x10, 0xFD, 0x10, 0xFD, 0x01, 0x2E, 0x2E, 0x2E, 0x31, 0x30, 0xB2, 0x2E, 0x07, 0x05, 0x2B, 0x17,
	0x06, 0x07, 0x06, 0x23, 0x22, 0x26, 0x37, 0x34, 0x36, 0x37, 0x3E, 0x02, 0x33, 0x32, 0x1E, 0x01,
	0x14, 0x15, 0x14, 0x06, 0x13, 0x0E, 0x03, 0x23, 0x22, 0x26, 0x35, 0x34, 0x3E, 0x01, 0x35, 0x26,
	0x35, 0x34, 0x3E, 0x01, 0x33, 0x32, 0x16, 0x17, 0x16, 0x06, 0x7A, 0x1B, 0x1B, 0x19, 0x12, 0x19,
	0x39, 0x05, 0x42, 0x08, 0x05, 0x04, 0x0B, 0x0A, 0x19, 0x45, 0x05, 0x13, 0x18, 0x02, 0x01, 0x0F,
	0x14, 0x0E, 0x1D, 0x2D, 0x0B, 0x03, 0x01, 0x04, 0x13, 0x1A, 0x1B, 0x2C, 0x04, 0x02, 0x09, 0x14,
	0x23, 0x23, 0x1E, 0x21, 0x17, 0x01, 0x42, 0x1B, 0x06, 0x27, 0x0B, 0x22, 0x15, 0x06, 0x02, 0x0C,
	0x14, 0x01, 0xC8, 0x17, 0x1B, 0x10, 0x06, 0x18, 0x15, 0x09, 0x1B, 0x0C, 0x0C, 0x10, 0x07, 0x09,
	0x0F, 0x13, 0x17, 0x14, 0x0D, 0x1D, 0x00, 0x07, 0x00, 0x0E, 0x00, 0xE8, 0x02, 0x2A, 0x03, 0x05,
	0x00, 0x0F, 0x00, 0x1F, 0x00, 0x38, 0x00, 0x44, 0x00, 0x54, 0x00, 0x60, 0x00, 0x6C, 0x00, 0x7B,
	0x40, 0x3B, 0x67, 0x61, 0x48, 0x32, 0x26, 0x55, 0x53, 0x20, 0x38, 0x02, 0x2C, 0x2D, 0x2D, 0x2C,
	0x5B, 0x2A, 0x2C, 0x2A, 0x7A, 0x22, 0x30, 0x79, 0x38, 0x37, 0x34, 0x6A, 0x42, 0x78, 0x0D, 0x64,
	0x3C, 0x77, 0x16, 0x06, 0x09, 0x5E, 0x03, 0x02, 0x5E, 0x4E, 0x02, 0x39, 0x58, 0x02, 0x5E, 0x19,
	0x02, 0x39, 0x3F, 0x02, 0x13, 0x1D, 0x0D, 0x7D, 0x22, 0x3F, 0x01, 0x09, 0x46, 0x76, 0x2F, 0x37,
	0x18, 0x00, 0x3F, 0x3F, 0x3C, 0x01, 0x2F, 0xFD, 0x2F, 0xFD, 0x2F, 0xFD, 0x10, 0xFD, 0x10, 0xFD,
	0x10, 0xD6, 0x00, 0x2F, 0x3C, 0xFD, 0x3C, 0x10, 0xFD, 0x3C, 0x2F, 0x3C, 0x3C, 0xFD, 0x10, 0xFD,
	0x3C, 0x10, 0xD6, 0x87, 0x2E, 0x0E, 0xC4, 0x0E, 0xFC, 0x0E, 0xC4, 0x00, 0x2E, 0x2E, 0x01, 0x2E,
	0x2E, 0x2E, 0x2E, 0x2E, 0x31, 0x30, 0xB2, 0x6D, 0x09, 0x05, 0x2B, 0x13, 0x1E, 0x01, 0x15, 0x14,
	0x06, 0x23, 0x22, 0x26, 0x35, 0x34, 0x3E, 0x01, 0x33, 0x32, 0x16, 0x05, 0x1E, 0x01, 0x15, 0x14,
	0x06, 0x23, 0x22, 0x26, 0x35, 0x34, 0x3E, 0x01, 0x33, 0x32, 0x16, 0x01, 0x06, 0x07, 0x22, 0x2E,
	0x01, 0x35, 0x34, 0x3E, 0x01, 0x33, 0x32, 0x33, 0x37, 0x3E, 0x01, 0x17, 0x16, 0x15, 0x14, 0x07,
	0x06, 0x26, 0x2B, 0x01, 0x03, 0x14, 0x16, 0x17, 0x16, 0x36, 0x35, 0x34, 0x26, 0x27, 0x22, 0x06,
	0x25, 0x0E, 0x01, 0x15, 0x14, 0x16, 0x33, 0x32, 0x36, 0x35, 0x34, 0x2E, 0x02, 0x23, 0x22, 0x17,
	0x1E, 0x01, 0x15, 0x14, 0x06, 0x27, 0x2E, 0x01, 0x35, 0x34, 0x36, 0x07, 0x14, 0x16, 0x17, 0x16,
	0x36, 0x35, 0x34, 0x26, 0x27, 0x22, 0x06, 0xE2, 0x15, 0x19, 0x43, 0x40, 0x3F, 0x40, 0x2F, 0x39,
	0x17, 0x18, 0x2B, 0x01, 0x2C, 0x15, 0x19, 0x43, 0x40, 0x3F, 0x40, 0x2F, 0x39, 0x17, 0x18, 0x2B,
	0xFE, 0xEB, 0x1D, 0x1D, 0x04, 0x15, 0x10, 0x0C, 0x0E, 0x0B, 0x0F, 0x0F, 0xE1, 0x08, 0x23, 0x0C,
	0x2A, 0x11, 0x02, 0x20, 0x0C, 0x0B, 0x33, 0x0F, 0x1E, 0x13, 0x20, 0x14, 0x17, 0x16, 0x1F, 0xFE,
	0xEA, 0x27, 0x2F, 0x3F, 0x40, 0x3F, 0x44, 0x17, 0x28, 0x2C, 0x19, 0x16, 0x1F, 0x16, 0x15, 0x1F,
	0x14, 0x1F, 0x0E, 0x1E, 0x1E, 0x0F, 0x1E, 0x13, 0x20, 0x14, 0x17, 0x16, 0x1F, 0x02, 0xE2, 0x15,
	0x56, 0x31, 0x57, 0x7D, 0x73, 0x52, 0x48, 0x75, 0x11, 0x10, 0x13, 0x15, 0x56, 0x31, 0x57, 0x7D,
	0x73, 0x52, 0x48, 0x75, 0x11, 0x10, 0xFE, 0x07, 0x0A, 0x0A, 0x06, 0x1C, 0x0F, 0x0D, 0x11, 0x05,
	0x17, 0x01, 0x0F, 0x03, 0x0A, 0x22, 0x12, 0x0E, 0x02, 0x02, 0x01, 0x2F, 0x41, 0x49, 0x05, 0x03,
	0x6D, 0x3C, 0x2E, 0x38, 0x02, 0x53, 0x90, 0x0B, 0x74, 0x4A, 0x53, 0x71, 0x80, 0x55, 0x33, 0x51,
	0x29, 0x11, 0x43, 0x02, 0x3B, 0x2B, 0x3F, 0x6A, 0x03, 0x05, 0x48, 0x42, 0x2D, 0x52, 0x7F, 0x41,
	0x49, 0x05, 0x03, 0x6D, 0x3C, 0x2E, 0x38, 0x02, 0x53, 0x00, 0x00, 0x02, 0x00, 0x30, 0x00, 0xFD,
	0x01, 0x74, 0x02, 0x36, 0x00, 0x18, 0x00, 0x31, 0x00, 0x53, 0x40, 0x24, 0x2B, 0x1F, 0x12, 0x06,
	0x1C, 0x19, 0x31, 0x02, 0x23, 0x24, 0x24, 0x23, 0x00, 0x18, 0x02, 0x0B, 0x19, 0x31, 0x02, 0x0A,
	0x0B, 0x0B, 0x0A, 0x2E, 0x44, 0x27, 0x0E, 0x43, 0x18, 0x31, 0x43, 0x27, 0x27, 0x7E, 0x03, 0x46,
	0x00, 0x3F, 0x3F, 0x00, 0x10, 0xFD, 0x2F, 0xFD, 0x10, 0xFD, 0x87, 0x2E, 0x0E, 0xC4, 0x0E, 0xFC,
	0x0E, 0xC4, 0x2E, 0x0E, 0xFC, 0x0E, 0xC4, 0x87, 0x2E, 0x0E, 0xC4, 0x0E, 0xFC, 0x0E, 0xC4, 0x00,
	0x2E, 0x01, 0x2E, 0x2E, 0x2E, 0x2E, 0x31, 0x30, 0xB2, 0x32, 0x06, 0x05, 0x2B, 0x13, 0x0E, 0x01,
	0x23, 0x22, 0x26, 0x35, 0x34, 0x3E, 0x01, 0x3F, 0x01, 0x3E, 0x01, 0x33, 0x32, 0x1E, 0x01, 0x15,
	0x14, 0x06, 0x23, 0x22, 0x26, 0x07, 0x27, 0x0E, 0x01, 0x23, 0x22, 0x26, 0x35, 0x34, 0x3E, 0x01,
	0x3F, 0x01, 0x3E, 0x01, 0x33, 0x32, 0x1E, 0x01, 0x15, 0x14, 0x06, 0x23, 0x22, 0x26, 0x07, 0xAA,
	0x0B, 0x27, 0x0A, 0x0B, 0x33, 0x10, 0x40, 0x0A, 0x72, 0x13, 0x18, 0x0C, 0x0C, 0x19, 0x10, 0x14,
	0x0B, 0x04, 0x25, 0x0A, 0x60, 0x0B, 0x27, 0x0A, 0x0B, 0x33, 0x10, 0x40, 0x0A, 0x72, 0x13, 0x18,
	0x0C, 0x0C, 0x19, 0x10, 0x14, 0x0B, 0x04, 0x25, 0x0A, 0x01, 0x10, 0x02, 0x11, 0x19, 0x2E, 0x13,
	0x13, 0x02, 0x02, 0x1E, 0x06, 0x06, 0x0E, 0x26, 0x14, 0x19, 0x12, 0x07, 0x02, 0x84, 0x02, 0x11,
	0x19, 0x2E, 0x13, 0x13, 0x02, 0x02, 0x1E, 0x06, 0x06, 0x0E, 0x26, 0x14, 0x19, 0x12, 0x07, 0x02,
	0x00, 0x09, 0x00, 0x1A, 0x00, 0xF4, 0x01, 0xCE, 0x03, 0x18, 0x00, 0x1D, 0x00, 0x3B, 0x00, 0x54,
	0x00, 0x70, 0x00, 0x8C, 0x00, 0x98, 0x00, 0xA4, 0x00, 0xB0, 0x00, 0xBC, 0x00, 0x00, 0x13, 0x14,
	0x06, 0x23, 0x22, 0x27, 0x26, 0x27, 0x2E, 0x01, 0x35, 0x34, 0x36, 0x17, 0x1E, 0x01, 0x33, 0x32,
	0x36, 0x37, 0x06, 0x23, 0x22, 0x26, 0x35, 0x34, 0x36, 0x33, 0x32, 0x16, 0x17, 0x14, 0x06, 0x23,
	0x22, 0x27, 0x26, 0x27, 0x2E, 0x01, 0x35, 0x34, 0x36, 0x17, 0x1E, 0x01, 0x33, 0x32, 0x36, 0x37,
	0x06, 0x23, 0x22, 0x26, 0x35, 0x34, 0x36, 0x33, 0x32, 0x16, 0x01, 0x06, 0x07, 0x22, 0x2E, 0x01,
	0x35, 0x34, 0x3E, 0x01, 0x33, 0x32, 0x33, 0x37, 0x3E, 0x01, 0x17, 0x16, 0x15, 0x14, 0x07, 0x06,
	0x26, 0x2B, 0x01, 0x03, 0x22, 0x06, 0x15, 0x14, 0x16, 0x33, 0x37, 0x0E, 0x01, 0x23, 0x22, 0x26,
	0x27, 0x26, 0x06, 0x15, 0x14, 0x16, 0x17, 0x1E, 0x01, 0x33, 0x32, 0x36, 0x35, 0x34, 0x26, 0x21,
	0x22, 0x06, 0x15, 0x14, 0x16, 0x33, 0x37, 0x0E, 0x01, 0x23, 0x22, 0x26, 0x27, 0x26, 0x06, 0x15,
	0x14, 0x16, 0x17, 0x1E, 0x01, 0x33, 0x32, 0x36, 0x35, 0x34, 0x26, 0x17, 0x32, 0x16, 0x15, 0x14,
	0x06, 0x23, 0x22, 0x26, 0x35, 0x34, 0x36, 0x23, 0x32, 0x16, 0x15, 0x14, 0x06, 0x23, 0x22, 0x26,
	0x35, 0x34, 0x36, 0x17, 0x14, 0x16, 0x33, 0x32, 0x36, 0x35, 0x34, 0x26, 0x23, 0x22, 0x06, 0x07,
	0x14, 0x16, 0x33, 0x32, 0x36, 0x35, 0x34, 0x26, 0x23, 0x22, 0x06, 0xE6, 0x2F, 0x25, 0x25, 0x10,
	0x11, 0x0E, 0x0F, 0x0B, 0x23, 0x11, 0x06, 0x0F, 0x07, 0x0B, 0x08, 0x01, 0x06, 0x0B, 0x2C, 0x31,
	0x32, 0x2E, 0x38, 0x34, 0xE8, 0x2F, 0x25, 0x25, 0x10, 0x11, 0x0E, 0x0F, 0x0B, 0x23, 0x11, 0x06,
	0x0F, 0x07, 0x0B, 0x08, 0x01, 0x06, 0x0B, 0x2C, 0x31, 0x32, 0x2E, 0x38, 0x34, 0xFE, 0xC2, 0x1D,
	0x1D, 0x04, 0x15, 0x10, 0x0C, 0x0E, 0x0B, 0x0F, 0x0F, 0xE1, 0x08, 0x23, 0x0C, 0x2A, 0x11, 0x02,
	0x20, 0x0C, 0x0B, 0x06, 0x2E, 0x32, 0x30, 0x2D, 0x11, 0x02, 0x07, 0x0B, 0x06, 0x0F, 0x07, 0x10,
	0x24, 0x0B, 0x0F, 0x0F, 0x1E, 0x27, 0x25, 0x2F, 0x32, 0xFE, 0xDE, 0x2E, 0x32, 0x30, 0x2D, 0x11,
	0x02, 0x07, 0x0B, 0x06, 0x0F, 0x07, 0x10, 0x24, 0x0B, 0x0F, 0x0F, 0x1E, 0x27, 0x25, 0x2F, 0x32,
	0xB0, 0x0D, 0x0D, 0x10, 0x0A, 0x0B, 0x07, 0x08, 0xDE, 0x0D, 0x0D, 0x10, 0x0A, 0x0B, 0x07, 0x08,
	0xE0, 0x06, 0x0C, 0x09, 0x11, 0x0D, 0x0D, 0x09, 0x09, 0xE8, 0x06, 0x0C, 0x09, 0x11, 0x0D, 0x0D,
	0x09, 0x09, 0x02, 0x5E, 0x4E, 0x90, 0x09, 0x0E, 0x09, 0x05, 0x0E, 0x09, 0x11, 0x1F, 0x04, 0x01,
	0x15, 0x28, 0x04, 0x01, 0x55, 0x36, 0x38, 0x58, 0x70, 0x4A, 0x4E, 0x90, 0x09, 0x0E, 0x09, 0x05,
	0x0E, 0x09, 0x11, 0x1F, 0x04, 0x01, 0x15, 0x28, 0x04, 0x01, 0x55, 0x36, 0x38, 0x58, 0x70, 0xFE,
	0x60, 0x0A, 0x0A, 0x06, 0x1C, 0x0F, 0x0D, 0x11, 0x05, 0x17, 0x01, 0x0F, 0x03, 0x0A, 0x22, 0x12,
	0x0E, 0x02, 0x02, 0x01, 0xF8, 0x57, 0x39, 0x37, 0x55, 0x02, 0x05, 0x27, 0x15, 0x01, 0x04, 0x20,
	0x10, 0x09, 0x0E, 0x05, 0x0C, 0x14, 0x8F, 0x4F, 0x4C, 0x6E, 0x57, 0x39, 0x37, 0x55, 0x02, 0x05,
	0x27, 0x15, 0x01, 0x04, 0x20, 0x10, 0x09, 0x0E, 0x05, 0x0C, 0x14, 0x8F, 0x4F, 0x4C, 0x6E, 0x4C,
	0x2C, 0x1C, 0x15, 0x2D, 0x2A, 0x1A, 0x1D, 0x29, 0x2C, 0x1C, 0x15, 0x2D, 0x2A, 0x1A, 0x1D, 0x29,
	0x46, 0x20, 0x24, 0x2C, 0x16, 0x1A, 0x2E, 0x2C, 0x1A, 0x20, 0x24, 0x2C, 0x16, 0x1A, 0x2E, 0x2C,
	0x00, 0x02, 0x00, 0x06, 0xFF, 0xDA, 0x01, 0x8D, 0x03, 0x28, 0x00, 0x19, 0x00, 0x45, 0x00, 0x4D,
	0x40, 0x23, 0x10, 0x03, 0x31, 0x21, 0x13, 0x13, 0x81, 0x07, 0x2A, 0x22, 0x3A, 0x34, 0x0C, 0x28,
	0x02, 0x3E, 0x1D, 0x1A, 0x02, 0x24, 0x43, 0x02, 0x24, 0x0D, 0x0C, 0x02, 0x18, 0x00, 0x3A, 0x82,
	0x07, 0x83, 0x01, 0x34, 0x46, 0x76, 0x2F, 0x37, 0x18, 0x00, 0x3F, 0x3F, 0x01, 0x2F, 0x3C, 0xFD,
	0x3C, 0x2F, 0xFD, 0x10, 0xFD, 0x3C, 0x2F, 0xFD, 0x10, 0xD6, 0x00, 0x10, 0xFD, 0x10, 0xFD, 0x10,
	0xD6, 0x00, 0x2E, 0x01, 0x2E, 0x2E, 0x31, 0x30, 0xB2, 0x46, 0x34, 0x05, 0x2B, 0x25, 0x1E, 0x01,
	0x15, 0x14, 0x0E, 0x01, 0x23, 0x22, 0x2E, 0x02, 0x3D, 0x01, 0x34, 0x26, 0x35, 0x34, 0x36, 0x33,
	0x32, 0x1E, 0x02, 0x15, 0x06, 0x27, 0x14, 0x16, 0x15, 0x14, 0x0E, 0x01, 0x23, 0x22, 0x26, 0x35,
	0x34, 0x3E, 0x01, 0x35, 0x34, 0x27, 0x26, 0x06, 0x07, 0x0E, 0x02, 0x23, 0x22, 0x26, 0x35, 0x34,
	0x36, 0x37, 0x3E, 0x01, 0x33, 0x32, 0x1E, 0x01, 0x15, 0x14, 0x0E, 0x02, 0x15, 0x14, 0x16, 0x01,
	0x10, 0x01, 0x0A, 0x0C, 0x12, 0x0D, 0x16, 0x31, 0x12, 0x03, 0x0A, 0x0D, 0x21, 0x1A, 0x2C, 0x0F,
	0x04, 0x01, 0x24, 0x02, 0x03, 0x13, 0x0E, 0x20, 0x40, 0x4F, 0x50, 0x07, 0x0B, 0x49, 0x20, 0x06,
	0x11, 0x18, 0x10, 0x1C, 0x2D, 0x1B, 0x15, 0x46, 0x5B, 0x28, 0x2C, 0x47, 0x1B, 0x2E, 0x5E, 0x18,
	0x04, 0x3C, 0x0C, 0x24, 0x08, 0x0B, 0x15, 0x0A, 0x22, 0x20, 0x11, 0x0E, 0x1B, 0x09, 0x20, 0x06,
	0x08, 0x13, 0x10, 0x19, 0x14, 0x09, 0x13, 0xCF, 0x06, 0x1A, 0x05, 0x07, 0x0F, 0x0C, 0x37, 0x22,
	0x23, 0x9D, 0xA1, 0x23, 0x10, 0x08, 0x0C, 0x4A, 0x2E, 0x05, 0x25, 0x0D, 0x23, 0x1A, 0x14, 0x1E,
	0x08, 0x54, 0x3C, 0x38, 0x36, 0x1C, 0x2A, 0x5D, 0xA0, 0x41, 0x07, 0x06, 0x0D, 0x00, 0x00, 0x01,
	0x00, 0x2D, 0x00, 0x07, 0x02, 0x4D, 0x02, 0x44, 0x00, 0x4E, 0x00, 0x5F, 0x40, 0x2D, 0x03, 0x34,
	0x39, 0x18, 0x22, 0x43, 0x00, 0x15, 0x18, 0x89, 0x39, 0x2E, 0x7A, 0x1B, 0x3D, 0x88, 0x15, 0x43,
	0x0E, 0x0F, 0x49, 0x87, 0x09, 0x34, 0x46, 0x36, 0x46, 0x25, 0x40, 0x40, 0x02, 0x12, 0x2C, 0x02,
	0x1E, 0x46, 0x02, 0x0C, 0x0F, 0x8C, 0x09, 0x01, 0x01, 0x0C, 0x46, 0x76, 0x2F, 0x37, 0x18, 0x00,
	0x3F, 0x3F, 0x01, 0x2F, 0xFD, 0x2F, 0xFD, 0x2F, 0xFD, 0x10, 0xD6, 0x10, 0xD6, 0x10, 0xD6, 0x00,
	0x10, 0xFD, 0x10, 0xFD, 0x2F, 0xFD, 0x2F, 0xFD, 0x2F, 0xFD, 0x10, 0xD6, 0x10, 0xD6, 0x00, 0x11,
	0x12, 0x39, 0x01, 0x2E, 0x31, 0x30, 0xB2, 0x4F, 0x0C, 0x05, 0x2B, 0x25, 0x32, 0x16, 0x15, 0x14,
	0x0E, 0x01, 0x07, 0x06, 0x23, 0x22, 0x26, 0x35, 0x34, 0x36, 0x33, 0x32, 0x16, 0x15, 0x14, 0x06,
	0x23, 0x22, 0x26, 0x27, 0x0E, 0x01, 0x23, 0x22, 0x26, 0x35, 0x34, 0x3E, 0x01, 0x33, 0x32, 0x16,
	0x15, 0x14, 0x0E, 0x01, 0x07, 0x0E, 0x01, 0x15, 0x14, 0x33, 0x32, 0x3E, 0x03, 0x27, 0x26, 0x27,
	0x3E, 0x01, 0x33, 0x32, 0x1E, 0x01, 0x33, 0x32, 0x36, 0x35, 0x34, 0x26, 0x23, 0x22, 0x06, 0x15,
	0x14, 0x16, 0x33, 0x32, 0x36, 0x37, 0x3E, 0x01, 0x01, 0x88, 0x12, 0x1F, 0x07, 0x24, 0x20, 0x3B,
	0x3B, 0x58, 0x73, 0xB9, 0x78, 0x75, 0x7A, 0x56, 0x47, 0x1F, 0x31, 0x08, 0x1E, 0x2F, 0x25, 0x2A,
	0x29, 0x55, 0x40, 0x08, 0x11, 0x1D, 0x05, 0x1E, 0x03, 0x23, 0x3A, 0x07, 0x06, 0x14, 0x1A, 0x0B,
	0x09, 0x02, 0x02, 0x02, 0x03, 0x14, 0x11, 0x19, 0x2E, 0x0A, 0x13, 0x20, 0x30, 0x4F, 0x55, 0x5B,
	0x8C, 0x48, 0x4B, 0x16, 0x21, 0x1B, 0x08, 0x1B, 0x82, 0x1B, 0x12, 0x06, 0x1A, 0x14, 0x03, 0x17,
	0x75, 0x86, 0x81, 0xC1, 0x8B, 0x5F, 0x53, 0x78, 0x2D, 0x28, 0x3A, 0x3E, 0x38, 0x2D, 0x47, 0x9B,
	0x1A, 0x15, 0x0D, 0x03, 0x0C, 0x06, 0x08, 0x13, 0x83, 0x28, 0x10, 0x15, 0x20, 0x20, 0x1D, 0x10,
	0x11, 0x11, 0x0D, 0x0B, 0x1B, 0x83, 0x53, 0x35, 0x3E, 0x58, 0xBA, 0x64, 0x40, 0x50, 0x0B, 0x0F,
	0x02, 0x18, 0x00, 0x02, 0x00, 0x1B, 0xFF, 0xE5, 0x02, 0x57, 0x03, 0x33, 0x00, 0x3F, 0x00, 0x46,
	0x00, 0x68, 0x40, 0x2F, 0x27, 0x22, 0x43, 0x40, 0x44, 0x1B, 0x22, 0x43, 0x1B, 0x22, 0x40, 0x15,
	0x09, 0x33, 0x91, 0x47, 0x3E, 0x4E, 0x47, 0x1B, 0x8F, 0x22, 0x44, 0x43, 0x13, 0x15, 0x3B, 0x02,
	0x03, 0x39, 0x02, 0x03, 0x1E, 0x15, 0x03, 0x09, 0x15, 0x02, 0x0B, 0x09, 0x0F, 0x92, 0x2B, 0x93,
	0x01, 0x03, 0x46, 0x76, 0x2F, 0x37, 0x18, 0x00, 0x3F, 0x3F, 0x01, 0x2F, 0x3C, 0xFD, 0x10, 0xDD,
	0x10, 0xDD, 0x31, 0x10, 0xFD, 0x10, 0xFD, 0x10, 0xD6, 0x2F, 0xD6, 0x00, 0x2F, 0xFD, 0x10, 0xFD,
	0x10, 0xFD, 0x01, 0x11, 0x12, 0x39, 0x00, 0x11, 0x12, 0x39, 0x11, 0x12, 0x39, 0x00, 0x2E, 0x2E,
	0x01, 0x2E, 0x2E, 0x31, 0x30, 0xB2, 0x47, 0x03, 0x05, 0x2B, 0x17, 0x2E, 0x01, 0x35, 0x34, 0x36,
	0x37, 0x36, 0x12, 0x37, 0x26, 0x35, 0x34, 0x3E, 0x01, 0x33, 0x32, 0x1E, 0x01, 0x15, 0x14, 0x07,
	0x1E, 0x01, 0x17, 0x3E, 0x01, 0x33, 0x32, 0x16, 0x15, 0x14, 0x0E, 0x01, 0x23, 0x1E, 0x01, 0x17,
	0x16, 0x15, 0x14, 0x0E, 0x01, 0x23, 0x22, 0x2E, 0x02, 0x35, 0x2E, 0x01, 0x27, 0x0E, 0x01, 0x07,
	0x0E, 0x01, 0x15, 0x16, 0x15, 0x14, 0x06, 0x23, 0x22, 0x13, 0x0E, 0x01, 0x07, 0x37, 0x2E, 0x01,
	0x58, 0x18, 0x25, 0x0A, 0x0D, 0x24, 0x5A, 0x38, 0x02, 0x10, 0x20, 0x17, 0x1A, 0x34, 0x1B, 0x12,
	0x0B, 0x2A, 0x1D, 0x09, 0x37, 0x09, 0x0C, 0x2C, 0x13, 0x25, 0x1D, 0x03, 0x1D, 0x14, 0x1A, 0x13,
	0x1E, 0x0C, 0x19, 0x29, 0x13, 0x02, 0x06, 0x20, 0x10, 0x38, 0x78, 0x1A, 0x01, 0x19, 0x03, 0x24,
	0x1A, 0x05, 0xC4, 0x1F, 0x30, 0x05, 0x8A, 0x0C, 0x1E, 0x16, 0x05, 0x29, 0x17, 0x0D, 0x15, 0x0B,
	0xB5, 0x01, 0x3F, 0x82, 0x10, 0x09, 0x17, 0x22, 0x0F, 0x11, 0x1A, 0x19, 0x20, 0x1B, 0x64, 0xBE,
	0x66, 0x02, 0x0E, 0x22, 0x27, 0x14, 0x20, 0x05, 0x15, 0x3D, 0x1E, 0x12, 0x21, 0x11, 0x1A, 0x07,
	0x10, 0x1B, 0x23, 0x03, 0x06, 0x49, 0x25, 0x09, 0x12, 0x07, 0x03, 0x43, 0x0E, 0x0B, 0x09, 0x1B,
	0x1D, 0x02, 0x22, 0x43, 0x9D, 0x2A, 0x18, 0x2F, 0x80, 0x00, 0x00, 0x03, 0x00, 0x21, 0xFF, 0xD4,
	0x01, 0xE1, 0x03, 0x1D, 0x00, 0x28, 0x00, 0x32, 0x00, 0x3C, 0x00, 0x5A, 0x40, 0x28, 0x1A, 0x0A,
	0x07, 0x02, 0x3A, 0x13, 0x10, 0x04, 0x2A, 0x26, 0x10, 0x29, 0x04, 0x2A, 0x81, 0x26, 0x33, 0x37,
	0x34, 0x37, 0x37, 0x02, 0x17, 0x2D, 0x02, 0x1F, 0x2A, 0x02, 0x04, 0x29, 0x02, 0x04, 0x0D, 0x98,
	0x27, 0x26, 0x99, 0x01, 0x0A, 0x46, 0x76, 0x2F, 0x37, 0x18, 0x00, 0x3F, 0x3C, 0x3F, 0x01, 0x2F,
	0xFD, 0x10, 0xFD, 0x2F, 0xFD, 0x2F, 0xFD, 0x10, 0xD6, 0x10, 0xD6, 0x00, 0x10, 0xFD, 0x01, 0x11,
	0x12, 0x39, 0x00, 0x11, 0x12, 0x39, 0x00, 0x2E, 0x2E, 0x2E, 0x01, 0x2E, 0x2E, 0x2E, 0x2E, 0x31,
	0x30, 0xB2, 0x3D, 0x0A, 0x05, 0x2B, 0x37, 0x26, 0x35, 0x34, 0x37, 0x26, 0x02, 0x35, 0x2E, 0x01,
	0x35, 0x34, 0x36, 0x33, 0x32, 0x16, 0x17, 0x3E, 0x01, 0x33, 0x32, 0x1E, 0x01, 0x15, 0x14, 0x06,
	0x07, 0x16, 0x17, 0x1E, 0x01, 0x15, 0x14, 0x06, 0x07, 0x06, 0x07, 0x06, 0x2B, 0x01, 0x26, 0x13,
	0x17, 0x3E, 0x01, 0x35, 0x34, 0x26, 0x23, 0x22, 0x06, 0x03, 0x17, 0x3E, 0x01, 0x35, 0x34, 0x26,
	0x23, 0x22, 0x06, 0x4A, 0x10, 0x16, 0x0A, 0x10, 0x0A, 0x0B, 0x19, 0x17, 0x17, 0x31, 0x0F, 0x2D,
	0x4E, 0x24, 0x20, 0x2F, 0x1B, 0x3D, 0x34, 0x2E, 0x2E, 0x2A, 0x1B, 0xA4, 0x1F, 0x12, 0x12, 0x16,
	0x1F, 0x09, 0x43, 0x47, 0x04, 0x30, 0x5E, 0x0D, 0x16, 0x1A, 0x3E, 0x27, 0x04, 0x28, 0x43, 0x09,
	0x0A, 0x11, 0x27, 0x1C, 0x16, 0x11, 0x15, 0x11, 0x3A, 0x01, 0xAC, 0x55, 0x0F, 0x22, 0x14, 0x1A,
	0x1A, 0x17, 0x12, 0x10, 0x14, 0x15, 0x34, 0x21, 0x32, 0x74, 0x36, 0x0E, 0x0E, 0x10, 0x37, 0x1E,
	0x48, 0xAE, 0x21, 0x22, 0x22, 0x22, 0x08, 0x01, 0x56, 0x98, 0x26, 0x63, 0x20, 0x0A, 0x11, 0x18,
	0x01, 0x2A, 0x7C, 0x22, 0x5F, 0x17, 0x07, 0x09, 0x15, 0x00, 0x00, 0x01, 0x00, 0x14, 0xFF, 0xE4,
	0x01, 0xBF, 0x03, 0x2B, 0x00, 0x33, 0x00, 0x3B, 0x40, 0x1A, 0x21, 0x1A, 0x32, 0x24, 0x9B, 0x10,
	0x2A, 0x35, 0x09, 0x1E, 0x02, 0x16, 0x2F, 0x2D, 0x02, 0x03, 0x27, 0x02, 0x0C, 0x10, 0x25, 0x09,
	0x6F, 0x01, 0x0C, 0x46, 0x76, 0x2F, 0x37, 0x18, 0x00, 0x3F, 0x3F, 0x01, 0x2F, 0xFD, 0x2F, 0xFD,
	0x3C, 0x2F, 0xFD, 0x00, 0x10, 0xFD, 0x10, 0xFD, 0x2F, 0xD6, 0x01, 0x2E, 0x31, 0x30, 0xB2, 0x34,
	0x0C, 0x05, 0x2B, 0x01, 0x1E, 0x01, 0x15, 0x14, 0x06, 0x07, 0x0E, 0x01, 0x23, 0x22, 0x26, 0x35,
	0x34, 0x12, 0x36, 0x33, 0x32, 0x16, 0x17, 0x1E, 0x01, 0x15, 0x14, 0x0E, 0x01, 0x23, 0x22, 0x2E,
	0x01, 0x35, 0x34, 0x36, 0x37, 0x34, 0x26, 0x27, 0x26, 0x06, 0x15, 0x14, 0x16, 0x17, 0x16, 0x36,
	0x37, 0x26, 0x35, 0x34, 0x36, 0x33, 0x32, 0x01, 0x8F, 0x19, 0x17, 0x0F, 0x0C, 0x22, 0x64, 0x38,
	0x73, 0x5F, 0x60, 0x62, 0x10, 0x53, 0x4F, 0x16, 0x05, 0x0C, 0x12, 0x1F, 0x0E, 0x1B, 0x3C, 0x11,
	0x09, 0x05, 0x1D, 0x13, 0x1D, 0x2A, 0x1A, 0x1D, 0x12, 0x31, 0x10, 0x02, 0x28, 0x20, 0x0F, 0x01,
	0x3C, 0x06, 0x1A, 0x11, 0x0F, 0x1F, 0x0A, 0x55, 0x9A, 0xD4, 0x95, 0xAA, 0x01, 0x29, 0x0B, 0x81,
	0x7B, 0x0F, 0x1F, 0x0E, 0x10, 0x19, 0x0E, 0x1F, 0x1C, 0x08, 0x0A, 0x14, 0x09, 0x2C, 0x4E, 0x05,
	0x07, 0xDF, 0x6F, 0x61, 0x9C, 0x05, 0x04, 0x5D, 0x3C, 0x0E, 0x05, 0x1D, 0x1E, 0x00, 0x00, 0x02,
	0x00, 0x29, 0xFF, 0xD5, 0x01, 0xDC, 0x03, 0x2B, 0x00, 0x1E, 0x00, 0x2D, 0x00, 0x44, 0x40, 0x1D,
	0x0E, 0x14, 0x12, 0x14, 0x22, 0x07, 0x25, 0xA0, 0x2E, 0x2B, 0x9E, 0x17, 0x05, 0x0B, 0x07, 0x28,
	0x02, 0x1B, 0x1F, 0x22, 0x02, 0x07, 0x17, 0x25, 0x02, 0xA1, 0x01, 0x0E, 0x46, 0x76, 0x2F, 0x37,
	0x18, 0x00, 0x3F, 0x3F, 0x01, 0x2F, 0xFD, 0x3C, 0x2F, 0xFD, 0x10, 0xD6, 0x3C, 0x00, 0x10, 0xFD,
	0x10, 0xFD, 0x01, 0x11, 0x12, 0x39, 0x00, 0x2E, 0x2E, 0x01, 0x2E, 0x31, 0x30, 0xB2, 0x2E, 0x0E,
	0x05, 0x2B, 0x17, 0x06, 0x23, 0x22, 0x26, 0x35, 0x34, 0x37, 0x34, 0x02, 0x26, 0x35, 0x2E, 0x01,
	0x35, 0x34, 0x37, 0x36, 0x33, 0x32, 0x17, 0x3E, 0x01, 0x33, 0x32, 0x1E, 0x01, 0x15, 0x14, 0x0A,
	0x01, 0x03, 0x14, 0x06, 0x15, 0x14, 0x16, 0x17, 0x36, 0x12, 0x35, 0x34, 0x26, 0x23, 0x22, 0x06,
	0xB2, 0x08, 0x07, 0x23, 0x40, 0x0A, 0x07, 0x05, 0x09, 0x0C, 0x09, 0x19, 0x2B, 0x18, 0x10, 0x42,
	0x54, 0x17, 0x17, 0x38, 0x42, 0x68, 0x8C, 0x28, 0x02, 0x02, 0x06, 0x35, 0x5D, 0x0D, 0x11, 0x17,
	0x33, 0x28, 0x03, 0x3C, 0x21, 0x11, 0x0B, 0x76, 0x01, 0x11, 0xA5, 0x1E, 0x0F, 0x19, 0x0C, 0x0E,
	0x0A, 0x21, 0x0D, 0x1A, 0x19, 0x1C, 0x56, 0x2D, 0x5B, 0xFE, 0xBB, 0xFE, 0xFC, 0x02, 0x86, 0x1D,
	0x8E, 0x29, 0x48, 0x59, 0x3D, 0x7E, 0x01, 0x2A, 0x34, 0x0E, 0x10, 0x23, 0x00, 0x01, 0x00, 0x2D,
	0xFF, 0xD9, 0x01, 0xA5, 0x03, 0x36, 0x00, 0x4D, 0x00, 0x64, 0x40, 0x2D, 0x43, 0x2C, 0x1A, 0x0A,
	0x02, 0x11, 0x0D, 0x08, 0x16, 0x1F, 0x05, 0x40, 0x47, 0x11, 0x22, 0x05, 0x3A, 0xA4, 0x4E, 0x40,
	0xA4, 0x47, 0x1D, 0x4C, 0x16, 0x28, 0xA3, 0x30, 0x33, 0x1F, 0xA2, 0x16, 0x37, 0x23, 0x22, 0x02,
	0x05, 0x16, 0xA6, 0x5D, 0x4B, 0x55, 0x01, 0x02, 0x46, 0x76, 0x2F, 0x37, 0x18, 0x00, 0x3F, 0x76,
	0x3F, 0x18, 0x01, 0x2F, 0xFD, 0x3C, 0x3C, 0x00, 0x10, 0xFD, 0x2F, 0x3C, 0xFD, 0x10, 0xFD, 0x2F,
	0xFD, 0x10, 0xFD, 0x01, 0x11, 0x12, 0x39, 0x00, 0x11, 0x12, 0x39, 0x11, 0x12, 0x39, 0x00, 0x2E,
	0x2E, 0x01, 0x2E, 0x2E, 0x2E, 0x2E, 0x2E, 0x31, 0x30, 0xB2, 0x4E, 0x02, 0x05, 0x2B, 0x37, 0x26,
	0x35, 0x34, 0x36, 0x37, 0x34, 0x02, 0x35, 0x26, 0x35, 0x34, 0x36, 0x37, 0x36, 0x17, 0x16, 0x17,
	0x3E, 0x03, 0x33, 0x32, 0x1E, 0x01, 0x15, 0x14, 0x06, 0x23, 0x22, 0x27, 0x0E, 0x01, 0x07, 0x15,
	0x3E, 0x01, 0x37, 0x36, 0x33, 0x32, 0x1E, 0x01, 0x15, 0x14, 0x0E, 0x01, 0x23, 0x22, 0x26, 0x23,
	0x22, 0x0E, 0x01, 0x07, 0x14, 0x16, 0x17, 0x3E, 0x01, 0x37, 0x3E, 0x01, 0x33, 0x32, 0x16, 0x15,
	0x14, 0x0E, 0x01, 0x23, 0x07, 0x0E, 0x01, 0x27, 0x2E, 0x01, 0x30, 0x03, 0x07, 0x04, 0x04, 0x07,
	0x26, 0x17, 0x0D, 0x14, 0x0C, 0x0D, 0x21, 0x55, 0x04, 0x22, 0x10, 0x04, 0x25, 0x2C, 0x22, 0x23,
	0x10, 0x14, 0x22, 0x4B, 0x11, 0x03, 0x15, 0x06, 0x0C, 0x1E, 0x08, 0x28, 0x39, 0x0D, 0x22, 0x18,
	0x07, 0x1A, 0x05, 0x06, 0x14, 0x1E, 0x0C, 0x01, 0x05, 0x13, 0x1F, 0x14, 0x06, 0x14, 0x14, 0x1C,
	0x3C, 0x15, 0x29, 0x26, 0x5E, 0x03, 0x2B, 0x10, 0x1E, 0x2D, 0x32, 0x05, 0x06, 0x06, 0x18, 0x0B,
	0x6A, 0x01, 0xAF, 0x53, 0x0A, 0x0A, 0x10, 0x16, 0x04, 0x02, 0x09, 0x07, 0x06, 0x0B, 0x1A, 0x02,
	0x13, 0x06, 0x3D, 0x1B, 0x12, 0x1B, 0x03, 0x0B, 0x1C, 0x0F, 0xEE, 0x02, 0x04, 0x02, 0x15, 0x0D,
	0x2E, 0x18, 0x06, 0x21, 0x11, 0x02, 0x06, 0x10, 0x06, 0x24, 0x3A, 0x16, 0x05, 0x0A, 0x09, 0x0A,
	0x0C, 0x3C, 0x20, 0x11, 0x1B, 0x06, 0x30, 0x01, 0x24, 0x05, 0x09, 0x2A, 0x00, 0x01, 0x00, 0x2D,
	0xFF, 0xE7, 0x01, 0xA0, 0x03, 0x2D, 0x00, 0x40, 0x00, 0x49, 0x40, 0x20, 0x2D, 0x17, 0x0F, 0x0A,
	0x1A, 0xA8, 0x14, 0x00, 0x04, 0x3B, 0x21, 0x24, 0x39, 0x02, 0x04, 0x24, 0x36, 0x02, 0x04, 0x0F,
	0x21, 0x02, 0x07, 0x05, 0x04, 0x14, 0xAA, 0x3E, 0xAB, 0x01, 0x00, 0x46, 0x76, 0x2F, 0x37, 0x18,
	0x00, 0x3F, 0x3F, 0x01, 0x2F, 0x3C, 0x3C, 0xFD, 0x3C, 0x10, 0xFD, 0x3C, 0x10, 0xFD, 0x3C, 0x10,
	0xD6, 0x10, 0xD6, 0x00, 0x10, 0xFD, 0x00, 0x2E, 0x2E, 0x01, 0x2E, 0x2E, 0x31, 0x30, 0xB2, 0x41,
	0x00, 0x05, 0x2B, 0x37, 0x26, 0x37, 0x36, 0x37, 0x11, 0x26, 0x35, 0x34, 0x36, 0x33, 0x32, 0x16,
	0x17, 0x16, 0x17, 0x3E, 0x03, 0x33, 0x32, 0x16, 0x15, 0x14, 0x06, 0x23, 0x22, 0x0E, 0x01, 0x07,
	0x0E, 0x01, 0x15, 0x14, 0x16, 0x17, 0x3E, 0x01, 0x37, 0x3E, 0x01, 0x33, 0x32, 0x16, 0x15, 0x14,
	0x0E, 0x01, 0x07, 0x0E, 0x01, 0x07, 0x06, 0x15, 0x14, 0x16, 0x17, 0x16, 0x15, 0x14, 0x06, 0x23,
	0x22, 0x26, 0x30, 0x03, 0x06, 0x0A, 0x05, 0x02, 0x1D, 0x24, 0x0F, 0x1F, 0x07, 0x07, 0x07, 0x0C,
	0x23, 0x14, 0x1F, 0x18, 0x1D, 0x45, 0x42, 0x19, 0x1C, 0x19, 0x2D, 0x17, 0x04, 0x02, 0x02, 0x02,
	0x04, 0x1A, 0x0A, 0x08, 0x15, 0x0B, 0x22, 0x42, 0x11, 0x5E, 0x11, 0x0E, 0x1C, 0x08, 0x03, 0x02,
	0x01, 0x06, 0x31, 0x13, 0x1F, 0x39, 0x2E, 0x0E, 0x07, 0x08, 0x05, 0x02, 0x84, 0x0C, 0x06, 0x18,
	0x1B, 0x04, 0x04, 0x08, 0x07, 0x03, 0x0D, 0x07, 0x14, 0x32, 0x1D, 0x2D, 0x10, 0x0C, 0x14, 0x09,
	0x1B, 0x36, 0x24, 0x29, 0x3A, 0x16, 0x04, 0x10, 0x07, 0x09, 0x12, 0x3D, 0x23, 0x0C, 0x22, 0x04,
	0x0E, 0x04, 0x1E, 0x08, 0x1A, 0x2A, 0x26, 0x39, 0x19, 0x0E, 0x0B, 0x20, 0x1A, 0x28, 0x00, 0x01,
	0x00, 0x14, 0xFF, 0xE7, 0x01, 0xF7, 0x03, 0x30, 0x00, 0x38, 0x00, 0x4C, 0x40, 0x22, 0x25, 0x19,
	0x2B, 0x0F, 0x16, 0x2B, 0x12, 0x1C, 0x68, 0x0A, 0x22, 0xAD, 0x04, 0x2E, 0x29, 0x37, 0x36, 0x32,
	0x0F, 0x28, 0x16, 0x16, 0x02, 0x0F, 0x1F, 0x02, 0x07, 0x0A, 0x49, 0x04, 0xAB, 0x01, 0x07, 0x46,
	0x76, 0x2F, 0x37, 0x18, 0x00, 0x3F, 0x3F, 0x01, 0x2F, 0xFD, 0x2F, 0xFD, 0x10, 0xD6, 0x10, 0xD6,
	0x00, 0x2F, 0x3C, 0xFD, 0x10, 0xFD, 0x10, 0xFD, 0x2F, 0xD6, 0x01, 0x11, 0x12, 0x39, 0x01, 0x2E,
	0x2E, 0x31, 0x30, 0xB2, 0x39, 0x07, 0x05, 0x2B, 0x01, 0x0E, 0x02, 0x23, 0x22, 0x26, 0x35, 0x34,
	0x12, 0x33, 0x32, 0x16, 0x17, 0x16, 0x15, 0x14, 0x06, 0x23, 0x22, 0x2E, 0x01, 0x35, 0x34, 0x36,
	0x37, 0x2E, 0x01, 0x23, 0x22, 0x06, 0x15, 0x14, 0x16, 0x33, 0x32, 0x36, 0x37, 0x2E, 0x01, 0x35,
	0x34, 0x36, 0x33, 0x3E, 0x01, 0x33, 0x32, 0x1E, 0x01, 0x15, 0x14, 0x0E, 0x01, 0x2B, 0x01, 0x22,
	0x01, 0x86, 0x0D, 0x4A, 0x33, 0x09, 0x42, 0x9D, 0x69, 0x63, 0x49, 0x51, 0x0E, 0x10, 0x2F, 0x0B,
	0x19, 0x3D, 0x0F, 0x04, 0x03, 0x08, 0x0A, 0x0E, 0x10, 0x34, 0x2A, 0x0E, 0x0D, 0x16, 0x07, 0x1C,
	0x3B, 0x28, 0x91, 0x1A, 0x19, 0x0A, 0x05, 0x28, 0x2D, 0x14, 0x12, 0x10, 0x1A, 0x14, 0x01, 0x12,
	0x67, 0xAF, 0x15, 0xD8, 0x9B, 0xAE, 0x01, 0x28, 0xA1, 0x6D, 0x14, 0x18, 0x2A, 0x0F, 0x1C, 0x18,
	0x0C, 0x07, 0x11, 0x0D, 0x3F, 0x35, 0xE3, 0x57, 0x3F, 0x9F, 0x47, 0x2F, 0x0D, 0x35, 0x1A, 0x12,
	0x26, 0x0D, 0x09, 0x0A, 0x32, 0x1B, 0x13, 0x19, 0x07, 0x00, 0x00, 0x01, 0x00, 0x1B, 0xFF, 0xCE,
	0x01, 0xEC, 0x03, 0x40, 0x00, 0x57, 0x00, 0x63, 0x40, 0x2F, 0x41, 0x38, 0x2F, 0x29, 0x13, 0x0D,
	0x09, 0x02, 0x17, 0x45, 0xB2, 0x58, 0x27, 0x24, 0x21, 0x49, 0x1E, 0x52, 0x21, 0x1B, 0x02, 0x10,
	0x4D, 0x27, 0x4C, 0x02, 0x3E, 0x3B, 0x32, 0x03, 0x35, 0x4F, 0x4E, 0x1E, 0x03, 0x21, 0x02, 0x10,
	0x06, 0x05, 0x2C, 0xB4, 0x55, 0xB5, 0x01, 0x09, 0x46, 0x76, 0x2F, 0x37, 0x18, 0x00, 0x3F, 0x3F,
	0x01, 0x2F, 0x3C, 0x3C, 0xFD, 0x17, 0x3C, 0x2F, 0x17, 0x3C, 0xFD, 0x3C, 0x3C, 0x10, 0xFD, 0x10,
	0xD6, 0x10, 0xD6, 0x10, 0xD6, 0x3C, 0x00, 0x10, 0xFD, 0x00, 0x2E, 0x01, 0x2E, 0x2E, 0x2E, 0x2E,
	0x2E, 0x2E, 0x2E, 0x2E, 0x31, 0x30, 0xB2, 0x58, 0x09, 0x05, 0x2B, 0x17, 0x26, 0x35, 0x34, 0x36,
	0x37, 0x03, 0x2E, 0x01, 0x35, 0x34, 0x3E, 0x01, 0x37, 0x34, 0x36, 0x35, 0x2E, 0x01, 0x35, 0x34,
	0x3E, 0x01, 0x33, 0x32, 0x1E, 0x01, 0x15, 0x14, 0x06, 0x15, 0x14, 0x06, 0x15, 0x3E, 0x01, 0x37,
	0x34, 0x36, 0x35, 0x26, 0x35, 0x34, 0x36, 0x33, 0x32, 0x16, 0x15, 0x14, 0x06, 0x15, 0x1E, 0x01,
	0x15, 0x1E, 0x01, 0x07, 0x0E, 0x01, 0x07, 0x14, 0x16, 0x17, 0x14, 0x16, 0x15, 0x14, 0x0E, 0x01,
	0x23, 0x22, 0x2E, 0x01, 0x35, 0x34, 0x36, 0x37, 0x35, 0x07, 0x17, 0x14, 0x16, 0x15, 0x14, 0x06,
	0x23, 0x22, 0x26, 0x40, 0x08, 0x07, 0x01, 0x02, 0x03, 0x20, 0x03, 0x14, 0x0A, 0x02, 0x01, 0x07,
	0x0D, 0x1F, 0x17, 0x21, 0x35, 0x0C, 0x23, 0x02, 0x1B, 0x59, 0x0E, 0x02, 0x09, 0x2C, 0x10, 0x23,
	0x48, 0x24, 0x01, 0x01, 0x12, 0x24, 0x06, 0x06, 0x1D, 0x0D, 0x01, 0x01, 0x0D, 0x12, 0x17, 0x0A,
	0x1D, 0x46, 0x0F, 0x12, 0x0A, 0x86, 0x02, 0x0D, 0x1B, 0x17, 0x18, 0x32, 0x08, 0x0D, 0x06, 0x04,
	0x0D, 0x04, 0x01, 0x08, 0x07, 0x36, 0x10, 0x06, 0x0D, 0x0F, 0x07, 0x63, 0x9A, 0x45, 0x01, 0x13,
	0x09, 0x0B, 0x12, 0x0E, 0x14, 0x1E, 0x07, 0x0E, 0x3A, 0x0F, 0x1F, 0xBD, 0x12, 0x05, 0x11, 0x04,
	0x25, 0xB7, 0x42, 0x18, 0x12, 0x1D, 0x17, 0x25, 0x1F, 0x0D, 0x2E, 0x0D, 0x32, 0x7D, 0x43, 0x0F,
	0x39, 0x0E, 0x0E, 0x0D, 0x05, 0x35, 0x7D, 0x34, 0x09, 0x28, 0x05, 0x0D, 0x0F, 0x09, 0x1E, 0x1D,
	0x0A, 0x0D, 0x28, 0x15, 0xAC, 0x1C, 0xE4, 0x0A, 0x37, 0x09, 0x14, 0x1A, 0x1B, 0x00, 0x00, 0x01,
	0x00, 0x1A, 0xFF, 0xEE, 0x00, 0xD9, 0x03, 0x2A, 0x00, 0x22, 0x00, 0x37, 0x40, 0x17, 0x09, 0x05,
	0x19, 0x15, 0x02, 0x05, 0x12, 0x15, 0x16, 0x15, 0x06, 0x02, 0x15, 0x05, 0x02, 0x15, 0x0E, 0xB7,
	0x1D, 0xB8, 0x01, 0x09, 0x46, 0x76, 0x2F, 0x37, 0x18, 0x00, 0x3F, 0x3F, 0x01, 0x2F, 0xFD, 0x10,
	0xFD, 0x10, 0xD6, 0x10, 0xD6, 0x10, 0xD6, 0x10, 0xD6, 0x10, 0xD6, 0x00, 0x31, 0x30, 0xB2, 0x23,
	0x09, 0x05, 0x2B, 0x37, 0x26, 0x35, 0x34, 0x36, 0x37, 0x03, 0x34, 0x26, 0x35, 0x34, 0x3E, 0x02,
	0x33, 0x32, 0x1E, 0x01, 0x15, 0x14, 0x06, 0x07, 0x13, 0x14, 0x16, 0x15, 0x14, 0x0E, 0x01, 0x23,
	0x22, 0x23, 0x2E, 0x02, 0x28, 0x03, 0x0C, 0x0B, 0x12, 0x10, 0x0B, 0x15, 0x16, 0x0F, 0x23, 0x44,
	0x0B, 0x0E, 0x07, 0x0A, 0x13, 0x08, 0x1C, 0x13, 0x07, 0x06, 0x09, 0x34, 0x28, 0x22, 0x08, 0x05,
	0x0B, 0x15, 0x0B, 0x02, 0x64, 0x0C, 0x22, 0x09, 0x08, 0x14, 0x12, 0x07, 0x21, 0x1D, 0x06, 0x0C,
	0x1D, 0x0D, 0xFD, 0xA2, 0x0A, 0x29, 0x09, 0x06, 0x16, 0x0C, 0x02, 0x08, 0x15, 0x00, 0x00, 0x01,
	0x00, 0x01, 0xFF, 0xE0, 0x01, 0xA3, 0x03, 0x35, 0x00, 0x29, 0x00, 0x31, 0x40, 0x14, 0x23, 0x14,
	0x07, 0x11, 0xB9, 0x00, 0x1A, 0x02, 0x20, 0x17, 0x02, 0x20, 0x1D, 0xBD, 0x29, 0x00, 0xBA, 0x01,
	0x07, 0x46, 0x76, 0x2F, 0x37, 0x18, 0x00, 0x3F, 0x3C, 0x3F, 0x01, 0x2F, 0xFD, 0x10, 0xFD, 0x00,
	0x10, 0xFD, 0x01, 0x2E, 0x2E, 0x2E, 0x31, 0x30, 0xB2, 0x2A, 0x07, 0x05, 0x2B, 0x17, 0x2E, 0x02,
	0x27, 0x2E, 0x01, 0x35, 0x34, 0x36, 0x33, 0x32, 0x1E, 0x01, 0x17, 0x1E, 0x01, 0x33, 0x32, 0x36,
	0x35, 0x34, 0x26, 0x27, 0x34, 0x26, 0x35, 0x34, 0x36, 0x37, 0x36, 0x16, 0x15, 0x14, 0x06, 0x15,
	0x06, 0x0A, 0x01, 0x0E, 0x01, 0x23, 0xF9, 0x20, 0x40, 0x35, 0x3B, 0x14, 0x14, 0x4F, 0x29, 0x1A,
	0x16, 0x07, 0x07, 0x07, 0x12, 0x0F, 0x10, 0x0D, 0x01, 0x02, 0x04, 0x15, 0x21, 0x17, 0x61, 0x20,
	0x03, 0x02, 0x07, 0x11, 0x3F, 0x22, 0x20, 0x04, 0x3B, 0x4B, 0x5C, 0x0E, 0x13, 0x1D, 0x12, 0x14,
	0x12, 0x42, 0x0C, 0x18, 0x30, 0xD3, 0x90, 0x5E, 0x59, 0x28, 0x09, 0x24, 0x07, 0x17, 0x1B, 0x06,
	0x05, 0x3A, 0x1F, 0x15, 0x1A, 0x0B, 0x06, 0xFE, 0xE2, 0xFE, 0xE7, 0x53, 0x32, 0x00, 0x00, 0x01,
	0x00, 0x17, 0xFF, 0xE2, 0x02, 0x3D, 0x03, 0x37, 0x00, 0x37, 0x00, 0x48, 0x40, 0x1F, 0x2E, 0x26,
	0x1D, 0x2E, 0x0D, 0x35, 0x48, 0x38, 0x31, 0x14, 0x02, 0x05, 0x09, 0x06, 0x2F, 0x11, 0x14, 0x21,
	0x02, 0x05, 0x15, 0x14, 0x02, 0x05, 0x1A, 0x2E, 0x29, 0x07, 0x01, 0x09, 0x46, 0x76, 0x2F, 0x37,
	0x18, 0x00, 0x3F, 0x3F, 0x01, 0x2F, 0xFD, 0x3C, 0x10, 0xFD, 0x10, 0xD6, 0x3C, 0x2F, 0xD6, 0x10,
	0xD6, 0x10, 0xD6, 0x00, 0x10, 0xFD, 0x00, 0x2E, 0x2E, 0x01, 0x2E, 0x2E, 0x2E, 0x31, 0x30, 0xB2,
	0x38, 0x09, 0x05, 0x2B, 0x37, 0x26, 0x35, 0x34, 0x36, 0x35, 0x03, 0x34, 0x26, 0x35, 0x34, 0x3E,
	0x01, 0x33, 0x32, 0x1E, 0x01, 0x15, 0x14, 0x06, 0x1D, 0x01, 0x13, 0x3E, 0x02, 0x33, 0x32, 0x16,
	0x07, 0x0E, 0x01, 0x07, 0x03, 0x17, 0x1E, 0x02, 0x15, 0x14, 0x06, 0x23, 0x22, 0x2E, 0x01, 0x2F,
	0x01, 0x17, 0x16, 0x17, 0x14, 0x0E, 0x01, 0x23, 0x22, 0x26, 0x30, 0x03, 0x17, 0x1A, 0x13, 0x0B,
	0x15, 0x19, 0x25, 0x3F, 0x12, 0x12, 0xA8, 0x0B, 0x0F, 0x1F, 0x08, 0x20, 0x46, 0x05, 0x03, 0x23,
	0x04, 0xCA, 0xE8, 0x1D, 0x25, 0x09, 0x43, 0x27, 0x0C, 0x2C, 0x1A, 0x13, 0xB4, 0x0C, 0x09, 0x0A,
	0x09, 0x1E, 0x1D, 0x20, 0x3E, 0x36, 0x08, 0x05, 0x0A, 0x1B, 0x0A, 0x02, 0x4E, 0x0D, 0x26, 0x08,
	0x09, 0x14, 0x11, 0x13, 0x22, 0x09, 0x09, 0x24, 0x0C, 0xF4, 0x01, 0x2A, 0x20, 0x27, 0x08, 0x31,
	0x1E, 0x16, 0x14, 0x06, 0xFE, 0xA0, 0xB0, 0x12, 0x17, 0x1F, 0x0C, 0x29, 0x49, 0x11, 0x62, 0x0F,
	0x8C, 0x78, 0x26, 0x25, 0x09, 0x14, 0x1E, 0x2C, 0x00, 0x01, 0x00, 0x15, 0xFF, 0xE3, 0x01, 0xAC,
	0x03, 0x35, 0x00, 0x29, 0x00, 0x2F, 0x40, 0x13, 0x1D, 0x13, 0x02, 0x05, 0x18, 0x22, 0x14, 0xBC,
	0x27, 0x18, 0xBB, 0x22, 0x10, 0x02, 0x09, 0x0C, 0xBD, 0x27, 0x07, 0x00, 0x3F, 0x3F, 0x01, 0x2F,
	0xFD, 0x00, 0x2F, 0xFD, 0x10, 0xFD, 0x00, 0x11, 0x12, 0x39, 0x01, 0x2E, 0x2E, 0x2E, 0x31, 0x30,
	0xB2, 0x2A, 0x09, 0x05, 0x2B, 0x37, 0x26, 0x35, 0x34, 0x36, 0x35, 0x03, 0x2E, 0x01, 0x35, 0x34,
	0x36, 0x33, 0x32, 0x1E, 0x01, 0x15, 0x14, 0x06, 0x15, 0x13, 0x37, 0x3E, 0x01, 0x33, 0x32, 0x16,
	0x17, 0x16, 0x15, 0x14, 0x0E, 0x02, 0x23, 0x22, 0x0E, 0x02, 0x07, 0x06, 0x26, 0x3A, 0x03, 0x1D,
	0x2A, 0x04, 0x11, 0x25, 0x26, 0x22, 0x3B, 0x0E, 0x11, 0x24, 0x3C, 0x1A, 0x1F, 0x0E, 0x12, 0x20,
	0x13, 0x06, 0x1F, 0x1E, 0x1A, 0x14, 0x0F, 0x1F, 0x1D, 0x2A, 0x2E, 0x1E, 0x3B, 0x38, 0x08, 0x06,
	0x0C, 0x22, 0x0A, 0x02, 0x5E, 0x08, 0x18, 0x0B, 0x0D, 0x21, 0x1B, 0x1E, 0x09, 0x09, 0x13, 0x07,
	0xFD, 0xD8, 0x18, 0x0C, 0x0E, 0x1C, 0x24, 0x0E, 0x0E, 0x19, 0x2D, 0x0B, 0x04, 0x01, 0x09, 0x30,
	0x07, 0x05, 0x31, 0x00, 0x00, 0x01, 0x00, 0x31, 0xFF, 0xCE, 0x03, 0x93, 0x03, 0x31, 0x00, 0x53,
	0x00, 0x6D, 0x40, 0x32, 0x4A, 0x49, 0x3B, 0x34, 0x29, 0x25, 0x13, 0x11, 0x49, 0x35, 0x16, 0x0D,
	0x35, 0x22, 0x19, 0x16, 0x38, 0x46, 0x2D, 0xC0, 0x54, 0x51, 0xBF, 0x54, 0x48, 0x43, 0x4D, 0x09,
	0x05, 0x06, 0x02, 0x05, 0x1B, 0x19, 0x02, 0x22, 0x31, 0x02, 0x26, 0x38, 0x02, 0x48, 0x46, 0x1F,
	0xC1, 0x3E, 0xB5, 0x01, 0x09, 0x46, 0x76, 0x2F, 0x37, 0x18, 0x00, 0x3F, 0x3F, 0x01, 0x2F, 0x3C,
	0xFD, 0x2F, 0xFD, 0x2F, 0xFD, 0x3C, 0x2F, 0xD6, 0x3C, 0x10, 0xD6, 0x2F, 0xD6, 0x3C, 0x00, 0x10,
	0xFD, 0x10, 0xFD, 0x01, 0x11, 0x12, 0x39, 0x11, 0x12, 0x39, 0x00, 0x2E, 0x2E, 0x2E, 0x2E, 0x01,
	0x2E, 0x2E, 0x2E, 0x2E, 0x2E, 0x2E, 0x2E, 0x2E, 0x31, 0x30, 0xB2, 0x54, 0x09, 0x05, 0x2B, 0x37,
	0x26, 0x35, 0x34, 0x36, 0x35, 0x03, 0x34, 0x26, 0x35, 0x34, 0x3E, 0x01, 0x33, 0x32, 0x1E, 0x01,
	0x15, 0x06, 0x15, 0x14, 0x17, 0x1B, 0x01, 0x36, 0x35, 0x26, 0x35, 0x34, 0x3E, 0x01, 0x33, 0x32,
	0x16, 0x15, 0x14, 0x06, 0x15, 0x13, 0x14, 0x16, 0x15, 0x14, 0x0E, 0x01, 0x23, 0x22, 0x2E, 0x01,
	0x35, 0x34, 0x36, 0x27, 0x0B, 0x01, 0x06, 0x15, 0x14, 0x16, 0x15, 0x14, 0x06, 0x23, 0x22, 0x2E,
	0x02, 0x35, 0x34, 0x36, 0x37, 0x34, 0x27, 0x03, 0x13, 0x14, 0x16, 0x15, 0x14, 0x0E, 0x01, 0x23,
	0x22, 0x26, 0x44, 0x02, 0x18, 0x16, 0x13, 0x07, 0x1D, 0x2D, 0x41, 0x34, 0x09, 0x01, 0x03, 0xC6,
	0xDE, 0x04, 0x01, 0x08, 0x1E, 0x1C, 0x2B, 0x50, 0x1C, 0x2A, 0x1F, 0x13, 0x24, 0x14, 0x28, 0x51,
	0x07, 0x1B, 0x01, 0x1E, 0xAC, 0x04, 0x06, 0x2D, 0x23, 0x23, 0x38, 0x08, 0x01, 0x02, 0x01, 0x01,
	0x90, 0x18, 0x0C, 0x16, 0x28, 0x09, 0x1F, 0x48, 0x34, 0x08, 0x03, 0x0B, 0x18, 0x0A, 0x02, 0x32,
	0x10, 0x2B, 0x08, 0x0A, 0x10, 0x1F, 0x2B, 0x12, 0x09, 0x0C, 0x07, 0x07, 0x08, 0xFE, 0x20, 0x01,
	0xFE, 0x09, 0x0C, 0x10, 0x08, 0x0D, 0x10, 0x17, 0x33, 0x22, 0x10, 0x16, 0x08, 0xFD, 0xB2, 0x0B,
	0x31, 0x0D, 0x0B, 0x1C, 0x10, 0x32, 0x20, 0x04, 0x10, 0x29, 0x0F, 0x01, 0x50, 0xFE, 0x7C, 0x08,
	0x0C, 0x08, 0x22, 0x08, 0x18, 0x1E, 0x24, 0x25, 0x0B, 0x02, 0x09, 0x0F, 0x08, 0x06, 0x04, 0x01,
	0x80, 0xFE, 0x9E, 0x0E, 0x34, 0x0B, 0x13, 0x1C, 0x0F, 0x2E, 0x00, 0x01, 0x00, 0x2C, 0xFF, 0xE4,
	0x02, 0x44, 0x03, 0x39, 0x00, 0x40, 0x00, 0x59, 0x40, 0x29, 0x29, 0x1B, 0x07, 0x17, 0x0B, 0x34,
	0x13, 0x03, 0x2C, 0xC3, 0x41, 0x22, 0x25, 0x26, 0x25, 0x3A, 0x02, 0x00, 0x37, 0x02, 0x04, 0x00,
	0x10, 0x02, 0x03, 0x13, 0x02, 0x03, 0x18, 0x02, 0x25, 0x17, 0x02, 0x25, 0x1F, 0x31, 0x3E, 0x6F,
	0x01, 0x07, 0x46, 0x76, 0x2F, 0x37, 0x18, 0x00, 0x3F, 0x3F, 0x01, 0x2F, 0xFD, 0x10, 0xFD, 0x2F,
	0xFD, 0x10, 0xFD, 0x2F, 0x3C, 0xFD, 0x10, 0xFD, 0x10, 0xD6, 0x10, 0xD6, 0x00, 0x10, 0xFD, 0x01,
	0x11, 0x12, 0x39, 0x00, 0x2E, 0x2E, 0x01, 0x2E, 0x2E, 0x2E, 0x31, 0x30, 0xB2, 0x41, 0x07, 0x05,
	0x2B, 0x37, 0x26, 0x36, 0x35, 0x03, 0x34, 0x26, 0x35, 0x34, 0x3E, 0x01, 0x33, 0x32, 0x1E, 0x02,
	0x15, 0x14, 0x06, 0x17, 0x1E, 0x02, 0x33, 0x03, 0x34, 0x26, 0x35, 0x34, 0x3E, 0x01, 0x33, 0x32,
	0x16, 0x15, 0x14, 0x06, 0x15, 0x13, 0x14, 0x16, 0x15, 0x14, 0x06, 0x23, 0x22, 0x27, 0x26, 0x27,
	0x2E, 0x02, 0x27, 0x14, 0x16, 0x17, 0x14, 0x16, 0x15, 0x14, 0x0E, 0x01, 0x23, 0x22, 0x26, 0x32,
	0x03, 0x1F, 0x1E, 0x04, 0x06, 0x19, 0x1D, 0x1E, 0x3D, 0x14, 0x04, 0x05, 0x02, 0x0A, 0x61, 0x66,
	0x01, 0x0C, 0x0E, 0x08, 0x17, 0x17, 0x27, 0x4D, 0x20, 0x0E, 0x1C, 0x2F, 0x23, 0x53, 0x21, 0x08,
	0x08, 0x11, 0x3C, 0x4E, 0x19, 0x0A, 0x06, 0x14, 0x05, 0x18, 0x22, 0x24, 0x45, 0x30, 0x19, 0x1A,
	0x09, 0x02, 0x64, 0x06, 0x14, 0x04, 0x08, 0x0B, 0x0E, 0x15, 0x18, 0x0C, 0x07, 0x05, 0x1A, 0x04,
	0x30, 0xC6, 0xB6, 0x01, 0xE8, 0x09, 0x16, 0x06, 0x06, 0x0E, 0x18, 0x32, 0x1F, 0x13, 0x17, 0x0A,
	0xFD, 0xDC, 0x0F, 0x2E, 0x0B, 0x23, 0x31, 0x54, 0x27, 0x27, 0x1A, 0x63, 0x8B, 0x3C, 0x45, 0xDA,
	0x61, 0x04, 0x30, 0x0A, 0x0A, 0x0E, 0x20, 0x2E, 0x00, 0x02, 0x00, 0x21, 0xFF, 0xE7, 0x02, 0x01,
	0x03, 0x2E, 0x00, 0x17, 0x00, 0x24, 0x00, 0x35, 0x40, 0x16, 0x0E, 0x1B, 0x44, 0x02, 0x21, 0xC4,
	0x0B, 0x1E, 0x02, 0x15, 0x18, 0x02, 0x07, 0x11, 0x0B, 0xC5, 0x5D, 0x02, 0xAB, 0x01, 0x07, 0x46,
	0x76, 0x2F, 0x37, 0x18, 0x00, 0x3F, 0x76, 0x3F, 0x3C, 0x18, 0x01, 0x2F, 0xFD, 0x2F, 0xFD, 0x00,
	0x10, 0xFD, 0x10, 0xFD, 0x00, 0x2E, 0x31, 0x30, 0xB2, 0x25, 0x07, 0x05, 0x2B, 0x05, 0x06, 0x23,
	0x22, 0x2E, 0x01, 0x02, 0x35, 0x34, 0x3E, 0x01, 0x33, 0x32, 0x16, 0x33, 0x32, 0x36, 0x33, 0x32,
	0x1E, 0x01, 0x15, 0x14, 0x02, 0x03, 0x14, 0x16, 0x33, 0x32, 0x36, 0x35, 0x34, 0x26, 0x23, 0x22,
	0x0E, 0x01, 0x01, 0x62, 0x15, 0x13, 0x0D, 0x1B, 0x84, 0x6D, 0x4D, 0x32, 0x0D, 0x09, 0x27, 0x08,
	0x0B, 0x45, 0x0A, 0x0E, 0x5F, 0x55, 0x65, 0xF7, 0x47, 0x22, 0x1F, 0x4D, 0x35, 0x38, 0x0F, 0x22,
	0x37, 0x12, 0x07, 0x05, 0x10, 0x01, 0x00, 0xA8, 0x72, 0xF6, 0x22, 0x0B, 0x0B, 0x27, 0xDB, 0x88,
	0x89, 0xFE, 0xE6, 0x01, 0xA3, 0x68, 0xE2, 0xE8, 0x62, 0x69, 0xBE, 0x11, 0xC9, 0x00, 0x00, 0x02,
	0x00, 0x24, 0xFF, 0xE6, 0x01, 0xD2, 0x03, 0x43, 0x00, 0x2D, 0x00, 0x37, 0x00, 0x5E, 0x40, 0x2B,
	0x27, 0x09, 0x1C, 0x11, 0x0E, 0x06, 0x14, 0x35, 0x11, 0x2E, 0x05, 0x2F, 0xC9, 0x1F, 0x46, 0x35,
	0xC8, 0x14, 0x02, 0x05, 0x06, 0x05, 0x24, 0x2E, 0x32, 0x02, 0x18, 0x21, 0x02, 0x05, 0x2F, 0x02,
	0x05, 0x2E, 0x02, 0x05, 0x14, 0xCC, 0x2B, 0x26, 0x01, 0x09, 0x46, 0x76, 0x2F, 0x37, 0x18, 0x00,
	0x3F, 0x3F, 0x01, 0x2F, 0xFD, 0x10, 0xFD, 0x10, 0xFD, 0x2F, 0xFD, 0x10, 0xD6, 0x10, 0xD6, 0x10,
	0xD6, 0x00, 0x10, 0xFD, 0x3F, 0xFD, 0x01, 0x11, 0x12, 0x39, 0x00, 0x11, 0x12, 0x39, 0x00, 0x2E,
	0x2E, 0x2E, 0x01, 0x2E, 0x2E, 0x31, 0x30, 0xB2, 0x38, 0x09, 0x05, 0x2B, 0x37, 0x26, 0x35, 0x34,
	0x36, 0x35, 0x03, 0x34, 0x26, 0x35, 0x34, 0x3E, 0x02, 0x33, 0x32, 0x16, 0x17, 0x3E, 0x01, 0x33,
	0x32, 0x1E, 0x01, 0x15, 0x14, 0x02, 0x06, 0x23, 0x22, 0x26, 0x27, 0x06, 0x15, 0x14, 0x16, 0x17,
	0x14, 0x16, 0x15, 0x14, 0x0E, 0x01, 0x23, 0x22, 0x26, 0x13, 0x17, 0x3E, 0x01, 0x35, 0x34, 0x26,
	0x23, 0x22, 0x06, 0x28, 0x01, 0x15, 0x12, 0x06, 0x0B, 0x18, 0x18, 0x0A, 0x0A, 0x1E, 0x0F, 0x2C,
	0x4D, 0x1F, 0x27, 0x44, 0x2F, 0xBC, 0x42, 0x05, 0x07, 0x0C, 0x04, 0x03, 0x04, 0x03, 0x0A, 0x0B,
	0x1D, 0x12, 0x21, 0x3D, 0x80, 0x04, 0x2B, 0x68, 0x13, 0x05, 0x18, 0x49, 0x20, 0x05, 0x08, 0x0F,
	0x19, 0x03, 0x02, 0x88, 0x03, 0x12, 0x06, 0x08, 0x0D, 0x0A, 0x04, 0x04, 0x02, 0x11, 0x1A, 0x23,
	0x42, 0x27, 0x67, 0xFE, 0xB7, 0x1A, 0x0A, 0x09, 0x1A, 0x21, 0x2D, 0x40, 0x1C, 0x08, 0x1E, 0x08,
	0x0A, 0x11, 0x0D, 0x20, 0x02, 0x72, 0xE6, 0x20, 0xC8, 0x33, 0x17, 0x08, 0x32, 0x00, 0x00, 0x02,
	0x00, 0x1E, 0xFF, 0xAA, 0x02, 0x67, 0x03, 0x24, 0x00, 0x1F, 0x00, 0x3A, 0x00, 0x5F, 0x40, 0x29,
	0x24, 0x1C, 0x20, 0x2C, 0x03, 0x18, 0x2C, 0x03, 0x2C, 0x18, 0x20, 0x03, 0x18, 0x20, 0x2C, 0xCE,
	0x03, 0x38, 0xCD, 0x06, 0x5A, 0x32, 0x22, 0x20, 0x02, 0x18, 0x35, 0x02, 0x09, 0x2F, 0x02, 0x15,
	0x12, 0x0C, 0xCF, 0x1F, 0x00, 0xD0, 0x01, 0x09, 0x46, 0x76, 0x2F, 0x37, 0x18, 0x00, 0x3F, 0x3C,
	0x3F, 0x3C, 0x01, 0x2F, 0xFD, 0x2F, 0xFD, 0x2F, 0xFD, 0x00, 0xB9, 0x00, 0x0F, 0x01, 0x27, 0x3F,
	0xFD, 0x3F, 0xFD, 0x2F, 0xFD, 0x01, 0x11, 0x12, 0x39, 0x11, 0x12, 0x39, 0x00, 0x11, 0x12, 0x39,
	0x11, 0x12, 0x39, 0x01, 0x2E, 0x2E, 0x31, 0x30, 0xB2, 0x3B, 0x09, 0x05, 0x2B, 0x05, 0x2E, 0x01,
	0x27, 0x0E, 0x01, 0x23, 0x22, 0x26, 0x35, 0x34, 0x12, 0x33, 0x32, 0x16, 0x33, 0x32, 0x36, 0x33,
	0x32, 0x16, 0x15, 0x14, 0x06, 0x07, 0x17, 0x1E, 0x01, 0x17, 0x16, 0x06, 0x23, 0x2F, 0x01, 0x2E,
	0x01, 0x27, 0x26, 0x36, 0x33, 0x32, 0x1E, 0x01, 0x1F, 0x01, 0x3E, 0x01, 0x35, 0x34, 0x26, 0x23,
	0x22, 0x06, 0x15, 0x14, 0x16, 0x33, 0x32, 0x36, 0x02, 0x0E, 0x1E, 0x54, 0x18, 0x1C, 0x24, 0x2C,
	0x83, 0x77, 0x89, 0x43, 0x0C, 0x20, 0x0A, 0x0B, 0x32, 0x11, 0x4C, 0x5C, 0x19, 0x2F, 0x60, 0x12,
	0x1E, 0x04, 0x05, 0x2E, 0x21, 0xE4, 0x32, 0x10, 0x11, 0x03, 0x03, 0x36, 0x1B, 0x0B, 0x0A, 0x04,
	0x03, 0x22, 0x15, 0x0D, 0x2A, 0x2E, 0x27, 0x59, 0x2D, 0x31, 0x0E, 0x0D, 0x56, 0x04, 0x62, 0x14,
	0x1C, 0x1C, 0xF8, 0xA8, 0x86, 0x01, 0x12, 0x0A, 0x0A, 0xD9, 0x7D, 0x6A, 0x9B, 0x51, 0x56, 0x08,
	0x0D, 0x19, 0x20, 0x2A, 0xD0, 0x2A, 0x08, 0x0A, 0x12, 0x19, 0x2D, 0x06, 0x10, 0x02, 0x1C, 0x36,
	0x62, 0x44, 0x63, 0x9D, 0xCB, 0x5F, 0x73, 0xBD, 0x14, 0x00, 0x00, 0x02, 0x00, 0x19, 0xFF, 0xE8,
	0x02, 0x53, 0x03, 0x28, 0x00, 0x33, 0x00, 0x3D, 0x00, 0x55, 0x40, 0x26, 0x2D, 0x21, 0x1C, 0x0A,
	0x07, 0x03, 0x12, 0x0E, 0x29, 0x2A, 0x06, 0x34, 0x35, 0x35, 0x2A, 0x06, 0x29, 0xA0, 0x3E, 0x24,
	0xD2, 0x3E, 0x3B, 0xD1, 0x15, 0x38, 0x02, 0x19, 0x2A, 0x02, 0x06, 0x15, 0x82, 0x31, 0x4F, 0x01,
	0x0A, 0x46, 0x76, 0x2F, 0x37, 0x18, 0x00, 0x3F, 0x3F, 0x01, 0x2F, 0xFD, 0x2F, 0xFD, 0x00, 0x10,
	0xFD, 0x10, 0xFD, 0x10, 0xFD, 0x01, 0x11, 0x12, 0x39, 0x10, 0x3C, 0x11, 0x12, 0x39, 0x00, 0x2E,
	0x2E, 0x01, 0x2E, 0x2E, 0x2E, 0x2E, 0x2E, 0x2E, 0x31, 0x30, 0xB2, 0x3E, 0x0A, 0x05, 0x2B, 0x37,
	0x26, 0x34, 0x35, 0x34, 0x36, 0x35, 0x03, 0x34, 0x26, 0x35, 0x34, 0x3E, 0x01, 0x33, 0x32, 0x1E,
	0x01, 0x33, 0x3E, 0x01, 0x33, 0x32, 0x1E, 0x01, 0x15, 0x14, 0x02, 0x07, 0x05, 0x1E, 0x02, 0x15,
	0x14, 0x06, 0x23, 0x22, 0x2E, 0x01, 0x2F, 0x01, 0x17, 0x14, 0x16, 0x15, 0x14, 0x0E, 0x01, 0x23,
	0x22, 0x26, 0x13, 0x07, 0x3E, 0x01, 0x35, 0x34, 0x26, 0x23, 0x22, 0x06, 0x34, 0x01, 0x1B, 0x20,
	0x15, 0x0D, 0x31, 0x1E, 0x12, 0x1C, 0x09, 0x08, 0x28, 0x66, 0x28, 0x25, 0x3F, 0x27, 0xA3, 0x56,
	0x01, 0x02, 0x01, 0x4D, 0x07, 0x45, 0x27, 0x17, 0x16, 0x12, 0x08, 0xDD, 0x09, 0x1E, 0x0D, 0x21,
	0x1A, 0x23, 0x44, 0x7B, 0x02, 0x3F, 0x63, 0x0B, 0x06, 0x1B, 0x66, 0x30, 0x03, 0x07, 0x01, 0x0E,
	0x15, 0x08, 0x02, 0x3A, 0x0D, 0x2D, 0x0A, 0x06, 0x19, 0x17, 0x0B, 0x17, 0x0F, 0x21, 0x18, 0x2C,
	0x1C, 0x4A, 0xFE, 0xFF, 0x4B, 0xB4, 0x01, 0x24, 0x1B, 0x08, 0x1D, 0x2A, 0x0F, 0x25, 0x05, 0x94,
	0x5C, 0x07, 0x2C, 0x0F, 0x0A, 0x15, 0x17, 0x29, 0x02, 0x2F, 0xB3, 0x45, 0xA6, 0x25, 0x0A, 0x08,
	0x62, 0x00, 0x00, 0x01, 0x00, 0x09, 0xFF, 0xE2, 0x01, 0xD8, 0x03, 0x36, 0x00, 0x3A, 0x00, 0x42,
	0x40, 0x1D, 0x06, 0x0B, 0x30, 0x68, 0x1D, 0x11, 0x64, 0x00, 0x2A, 0x2D, 0x23, 0x20, 0x15, 0x14,
	0x02, 0x38, 0x33, 0x02, 0x1A, 0x2D, 0x02, 0x20, 0x1D, 0xA6, 0x00, 0x07, 0x01, 0x06, 0x46, 0x76,
	0x2F, 0x37, 0x18, 0x00, 0x3F, 0x3F, 0x01, 0x2F, 0xFD, 0x2F, 0xFD, 0x2F, 0xFD, 0x3C, 0x10, 0xD6,
	0x10, 0xD6, 0x00, 0x10, 0xFD, 0x10, 0xFD, 0x00, 0x2E, 0x01, 0x2E, 0x31, 0x30, 0xB2, 0x3B, 0x06,
	0x05, 0x2B, 0x05, 0x22, 0x26, 0x27, 0x2E, 0x01, 0x35, 0x34, 0x3E, 0x02, 0x33, 0x32, 0x16, 0x17,
	0x1E, 0x01, 0x33, 0x32, 0x36, 0x3D, 0x01, 0x34, 0x2E, 0x02, 0x35, 0x34, 0x36, 0x33, 0x32, 0x16,
	0x15, 0x1E, 0x01, 0x15, 0x14, 0x0E, 0x01, 0x23, 0x22, 0x26, 0x27, 0x26, 0x36, 0x27, 0x36, 0x26,
	0x23, 0x22, 0x06, 0x15, 0x14, 0x1E, 0x02, 0x15, 0x14, 0x06, 0x01, 0x2C, 0x62, 0x5C, 0x1A, 0x1B,
	0x30, 0x08, 0x23, 0x25, 0x11, 0x2A, 0x30, 0x08, 0x11, 0x16, 0x15, 0x24, 0x16, 0x24, 0x99, 0x4F,
	0x70, 0x56, 0x65, 0x4F, 0x04, 0x08, 0x0D, 0x22, 0x13, 0x21, 0x38, 0x07, 0x03, 0x15, 0x04, 0x04,
	0x0F, 0x17, 0x22, 0x22, 0x3C, 0x8A, 0x50, 0x63, 0x1E, 0x59, 0x34, 0x12, 0x2D, 0x14, 0x09, 0x0C,
	0x13, 0x0A, 0x3C, 0x1C, 0x22, 0x26, 0x36, 0x28, 0x14, 0x38, 0x19, 0x40, 0x81, 0x44, 0x6C, 0xAE,
	0x86, 0x46, 0x0E, 0x22, 0x15, 0x12, 0x20, 0x14, 0x32, 0x2F, 0x11, 0x21, 0x04, 0x0E, 0x18, 0x50,
	0x32, 0x30, 0x40, 0x40, 0x5E, 0x66, 0x4E, 0x76, 0x00, 0x01, 0x00, 0x0A, 0xFF, 0xD7, 0x01, 0xDC,
	0x03, 0x36, 0x00, 0x2E, 0x00, 0x3C, 0x40, 0x19, 0x19, 0x0E, 0x0A, 0x07, 0x1E, 0x1D, 0x89, 0x16,
	0x00, 0x03, 0x28, 0x25, 0x25, 0x02, 0x03, 0x21, 0x02, 0x07, 0x16, 0xA6, 0x2C, 0xD4, 0x01, 0x0E,
	0x46, 0x76, 0x2F, 0x37, 0x18, 0x00, 0x3F, 0x3F, 0x01, 0x2F, 0xFD, 0x2F, 0xFD, 0x10, 0xD6, 0x10,
	0xD6, 0x00, 0x10, 0xFD, 0x3C, 0x00, 0x2E, 0x2E, 0x01, 0x2E, 0x2E, 0x31, 0x30, 0xB2, 0x2F, 0x0E,
	0x05, 0x2B, 0x37, 0x26, 0x36, 0x35, 0x2E, 0x02, 0x27, 0x0E, 0x01, 0x23, 0x22, 0x2E, 0x01, 0x35,
	0x34, 0x3E, 0x02, 0x37, 0x3E, 0x01, 0x33, 0x32, 0x16, 0x15, 0x14, 0x0E, 0x01, 0x2B, 0x01, 0x22,
	0x0F, 0x01, 0x14, 0x1E, 0x01, 0x17, 0x14, 0x16, 0x15, 0x14, 0x0E, 0x01, 0x23, 0x22, 0x26, 0x7A,
	0x02, 0x24, 0x01, 0x01, 0x01, 0x01, 0x07, 0x27, 0x0B, 0x0F, 0x1F, 0x27, 0x04, 0x90, 0x97, 0x0F,
	0x09, 0x1D, 0x13, 0x15, 0x4A, 0x0D, 0x16, 0x18, 0x14, 0x16, 0x09, 0x56, 0x03, 0x04, 0x01, 0x14,
	0x13, 0x22, 0x15, 0x26, 0x45, 0x1E, 0x0E, 0x2B, 0x0D, 0x2E, 0x93, 0xC8, 0x63, 0x02, 0x0F, 0x18,
	0x24, 0x19, 0x04, 0x17, 0x2D, 0x2E, 0x0A, 0x03, 0x1F, 0x41, 0x25, 0x11, 0x16, 0x0B, 0x04, 0x24,
	0x6B, 0xC2, 0xCA, 0x2B, 0x0D, 0x33, 0x06, 0x0C, 0x1C, 0x0F, 0x2B, 0x00, 0x00, 0x01, 0x00, 0x1D,
	0xFF, 0xDB, 0x02, 0x06, 0x03, 0x2E, 0x00, 0x30, 0x00, 0x3E, 0x40, 0x1B, 0x2E, 0x13, 0x1E, 0x56,
	0x07, 0x10, 0x0B, 0x27, 0x02, 0x00, 0x16, 0x02, 0x0E, 0x21, 0x02, 0x00, 0x03, 0x1B, 0x02, 0x0B,
	0x2A, 0xC5, 0x07, 0xD7, 0x01, 0x10, 0x46, 0x76, 0x2F, 0x37, 0x18, 0x00, 0x3F, 0x3F, 0x01, 0x2F,
	0xFD, 0x2F, 0x3C, 0xFD, 0x2F, 0xFD, 0x10, 0xFD, 0x10, 0xD6, 0x00, 0x10, 0xFD, 0x00, 0x2E, 0x01,
	0x2E, 0x31, 0x30, 0xB2, 0x31, 0x10, 0x05, 0x2B, 0x01, 0x1C, 0x01, 0x17, 0x14, 0x02, 0x06, 0x23,
	0x22, 0x26, 0x02, 0x35, 0x34, 0x36, 0x37, 0x26, 0x35, 0x34, 0x36, 0x33, 0x32, 0x16, 0x15, 0x14,
	0x06, 0x17, 0x06, 0x15, 0x14, 0x12, 0x33, 0x32, 0x12, 0x35, 0x34, 0x35, 0x26, 0x36, 0x26, 0x35,
	0x34, 0x36, 0x33, 0x32, 0x1E, 0x01, 0x15, 0x14, 0x06, 0x01, 0xFA, 0x01, 0x1D, 0x69, 0x65, 0x60,
	0x69, 0x24, 0x02, 0x02, 0x0A, 0x22, 0x21, 0x27, 0x43, 0x16, 0x02, 0x01, 0x2C, 0x22, 0x2D, 0x36,
	0x02, 0x02, 0x22, 0x23, 0x38, 0x1F, 0x30, 0x18, 0x0C, 0x02, 0xBC, 0x0F, 0x26, 0x18, 0x99, 0xFE,
	0xE9, 0xE4, 0xC6, 0x01, 0x0A, 0x88, 0x1A, 0x47, 0x16, 0x1E, 0x16, 0x1E, 0x25, 0x27, 0x21, 0x11,
	0x26, 0x0D, 0x02, 0x12, 0x7F, 0xFE, 0x69, 0x01, 0x79, 0x91, 0x0B, 0x0C, 0x0C, 0x0F, 0x37, 0x0D,
	0x11, 0x32, 0x16, 0x2C, 0x0C, 0x08, 0x1B, 0x00, 0x00, 0x01, 0x00, 0x02, 0xFF, 0xDE, 0x02, 0x1A,
	0x03, 0x2F, 0x00, 0x30, 0x00, 0x42, 0x40, 0x1C, 0x11, 0x03, 0x0A, 0x12, 0x26, 0x00, 0x0E, 0x02,
	0x07, 0x29, 0x02, 0x00, 0x15, 0x13, 0x17, 0x02, 0x1F, 0x24, 0x26, 0x02, 0x00, 0x1C, 0xD8, 0x2E,
	0xA7, 0x01, 0x07, 0x46, 0x76, 0x2F, 0x37, 0x18, 0x00, 0x3F, 0x3F, 0x01, 0x2F, 0xFD, 0x3C, 0x2F,
	0xFD, 0x3C, 0x3C, 0x10, 0xFD, 0x2F, 0xFD, 0x00, 0x01, 0x11, 0x12, 0x39, 0x00, 0x2E, 0x01, 0x2E,
	0x2E, 0x31, 0x30, 0xB2, 0x31, 0x07, 0x05, 0x2B, 0x37, 0x26, 0x36, 0x27, 0x03, 0x2E, 0x01, 0x35,
	0x34, 0x36, 0x33, 0x32, 0x1E, 0x01, 0x15, 0x14, 0x06, 0x17, 0x1B, 0x01, 0x36, 0x35, 0x26, 0x35,
	0x34, 0x3E, 0x02, 0x33, 0x32, 0x16, 0x15, 0x14, 0x0E, 0x01, 0x07, 0x03, 0x06, 0x15, 0x14, 0x16,
	0x15, 0x14, 0x0E, 0x02, 0x23, 0x22, 0x26, 0x96, 0x03, 0x0A, 0x01, 0x72, 0x02, 0x26, 0x32, 0x23,
	0x26, 0x3C, 0x09, 0x10, 0x02, 0x48, 0x66, 0x02, 0x01, 0x0B, 0x19, 0x19, 0x0C, 0x27, 0x47, 0x08,
	0x23, 0x03, 0xA2, 0x01, 0x05, 0x07, 0x14, 0x15, 0x0D, 0x24, 0x4C, 0x4A, 0x0A, 0x22, 0x08, 0x02,
	0x3A, 0x08, 0x1E, 0x10, 0x16, 0x17, 0x18, 0x1F, 0x03, 0x09, 0x21, 0x0B, 0xFE, 0x88, 0x01, 0x90,
	0x08, 0x0E, 0x0E, 0x07, 0x10, 0x19, 0x11, 0x06, 0x2B, 0x1C, 0x0A, 0x11, 0x15, 0x0C, 0xFD, 0xB4,
	0x03, 0x07, 0x09, 0x26, 0x05, 0x0F, 0x17, 0x16, 0x08, 0x44, 0x00, 0x01, 0x00, 0x09, 0xFF, 0xC4,
	0x03, 0xAC, 0x03, 0x43, 0x00, 0x50, 0x00, 0x47, 0x40, 0x1D, 0x37, 0x34, 0x2D, 0x07, 0x3B, 0x19,
	0x0B, 0x47, 0x21, 0x12, 0x42, 0x48, 0x3F, 0x4B, 0x15, 0x12, 0x1E, 0x21, 0x23, 0x21, 0x02, 0x12,
	0x29, 0xCC, 0x4E, 0xDC, 0x01, 0x07, 0x46, 0x76, 0x2F, 0x37, 0x18, 0x00, 0x3F, 0x3F, 0x01, 0x2F,
	0xFD, 0x3C, 0x10, 0xD6, 0x10, 0xD6, 0x2F, 0xD6, 0x2F, 0xD6, 0x00, 0x01, 0x11, 0x12, 0x39, 0x00,
	0x2E, 0x2E, 0x2E, 0x01, 0x2E, 0x2E, 0x2E, 0x2E, 0x31, 0x30, 0xB2, 0x51, 0x07, 0x05, 0x2B, 0x17,
	0x2E, 0x01, 0x27, 0x03, 0x2E, 0x01, 0x35, 0x34, 0x3E, 0x01, 0x33, 0x32, 0x16, 0x17, 0x16, 0x17,
	0x1B, 0x01, 0x36, 0x26, 0x35, 0x34, 0x3E, 0x01, 0x33, 0x32, 0x1E, 0x02, 0x15, 0x14, 0x06, 0x15,
	0x14, 0x17, 0x1B, 0x01, 0x36, 0x34, 0x36, 0x33, 0x32, 0x1E, 0x01, 0x15, 0x14, 0x06, 0x07, 0x03,
	0x0E, 0x01, 0x15, 0x14, 0x16, 0x17, 0x14, 0x0E, 0x01, 0x23, 0x22, 0x2E, 0x01, 0x35, 0x34, 0x36,
	0x35, 0x34, 0x35, 0x26, 0x27, 0x0B, 0x01, 0x06, 0x16, 0x15, 0x14, 0x06, 0x23, 0x22, 0x26, 0xBA,
	0x08, 0x02, 0x02, 0x90, 0x01, 0x14, 0x0C, 0x2F, 0x1C, 0x20, 0x28, 0x03, 0x01, 0x02, 0x48, 0x72,
	0x02, 0x09, 0x14, 0x28, 0x16, 0x1B, 0x2E, 0x14, 0x05, 0x06, 0x01, 0x70, 0x7A, 0x04, 0x33, 0x2F,
	0x16, 0x22, 0x14, 0x19, 0x03, 0x94, 0x04, 0x02, 0x02, 0x01, 0x0E, 0x3A, 0x2A, 0x38, 0x35, 0x0B,
	0x07, 0x03, 0x01, 0x56, 0x66, 0x03, 0x1B, 0x3E, 0x25, 0x18, 0x2C, 0x12, 0x0D, 0x33, 0x0A, 0x02,
	0x6E, 0x07, 0x2B, 0x09, 0x05, 0x1D, 0x19, 0x1E, 0x1C, 0x1B, 0x1B, 0xFE, 0x7E, 0x01, 0xA0, 0x08,
	0x1D, 0x05, 0x0D, 0x1A, 0x0E, 0x11, 0x1A, 0x0E, 0x08, 0x07, 0x1C, 0x07, 0x08, 0x04, 0xFE, 0x78,
	0x01, 0x9A, 0x0E, 0x48, 0x29, 0x0F, 0x21, 0x0E, 0x0D, 0x2A, 0x0C, 0xFE, 0x1A, 0x0D, 0x16, 0x10,
	0x12, 0x23, 0x11, 0x1D, 0x24, 0x24, 0x33, 0x1D, 0x12, 0x0D, 0x33, 0x0A, 0x05, 0x06, 0x0D, 0x06,
	0x01, 0x30, 0xFE, 0x9E, 0x0C, 0x23, 0x09, 0x50, 0x4A, 0x16, 0x00, 0x01, 0x00, 0x03, 0xFF, 0xDE,
	0x02, 0x5A, 0x03, 0x37, 0x00, 0x39, 0x00, 0x50, 0x40, 0x24, 0x18, 0x08, 0x15, 0x10, 0x2D, 0x1C,
	0x04, 0x10, 0x1C, 0x04, 0x35, 0x04, 0x3A, 0x27, 0x02, 0x20, 0x2A, 0x02, 0x20, 0x2E, 0x32, 0x02,
	0x38, 0x30, 0x02, 0x38, 0x1C, 0x02, 0x04, 0x0B, 0x2E, 0x23, 0xA7, 0x01, 0x38, 0x46, 0x76, 0x2F,
	0x37, 0x18, 0x00, 0x3F, 0x3F, 0x01, 0x2F, 0xFD, 0x2F, 0xFD, 0x10, 0xFD, 0x3C, 0x2F, 0xFD, 0x10,
	0xFD, 0x00, 0x10, 0xFD, 0x01, 0x11, 0x12, 0x39, 0x11, 0x12, 0x39, 0x00, 0x2E, 0x2E, 0x01, 0x2E,
	0x2E, 0x31, 0x30, 0xB2, 0x3A, 0x38, 0x05, 0x2B, 0x37, 0x3E, 0x01, 0x37, 0x13, 0x03, 0x2E, 0x01,
	0x35, 0x34, 0x36, 0x33, 0x32, 0x1E, 0x01, 0x1F, 0x01, 0x37, 0x3E, 0x02, 0x33, 0x32, 0x16, 0x15,
	0x14, 0x06, 0x07, 0x03, 0x13, 0x1E, 0x01, 0x15, 0x14, 0x06, 0x23, 0x22, 0x2E, 0x01, 0x35, 0x34,
	0x36, 0x35, 0x34, 0x2F, 0x01, 0x07, 0x06, 0x15, 0x16, 0x15, 0x14, 0x06, 0x23, 0x22, 0x26, 0x35,
	0x34, 0x06, 0x04, 0x1A, 0x04, 0xAA, 0xA2, 0x03, 0x21, 0x57, 0x29, 0x0E, 0x1C, 0x07, 0x03, 0x64,
	0x52, 0x04, 0x08, 0x1C, 0x21, 0x27, 0x3E, 0x2D, 0x05, 0x82, 0xBE, 0x03, 0x29, 0x2C, 0x23, 0x21,
	0x3F, 0x15, 0x0B, 0x03, 0x78, 0x72, 0x04, 0x04, 0x1A, 0x23, 0x28, 0x4C, 0x36, 0x0B, 0x10, 0x07,
	0x01, 0x4C, 0x01, 0x2C, 0x05, 0x0E, 0x10, 0x18, 0x2C, 0x0D, 0x2B, 0x11, 0xC8, 0xB6, 0x09, 0x32,
	0x1B, 0x2B, 0x24, 0x17, 0x12, 0x0A, 0xFE, 0xF4, 0xFE, 0xC2, 0x05, 0x1C, 0x13, 0x2C, 0x28, 0x1C,
	0x1D, 0x0B, 0x08, 0x1A, 0x04, 0x06, 0x06, 0xCE, 0xEC, 0x09, 0x0A, 0x14, 0x09, 0x0A, 0x1A, 0x29,
	0x1C, 0x07, 0x00, 0x01, 0x00, 0x16, 0xFF, 0xE2, 0x02, 0x60, 0x03, 0x32, 0x00, 0x29, 0x00, 0x35,
	0x40, 0x14, 0x1E, 0x1D, 0x19, 0x08, 0x03, 0x11, 0x11, 0x21, 0x28, 0x21, 0x02, 0x28, 0x0C, 0x16,
	0x66, 0x25, 0x07, 0x01, 0x08, 0x46, 0x76, 0x2F, 0x37, 0x18, 0x00, 0x3F, 0x3F, 0x3C, 0x01, 0x2F,
	0xFD, 0x00, 0x01, 0x11, 0x12, 0x39, 0x00, 0x2E, 0x01, 0x2E, 0x2E, 0x2E, 0x2E, 0x2E, 0x31, 0x30,
	0xB2, 0x2A, 0x08, 0x05, 0x2B, 0x37, 0x3E, 0x01, 0x35, 0x27, 0x03, 0x2E, 0x01, 0x35, 0x34, 0x3E,
	0x01, 0x33, 0x32, 0x1E, 0x01, 0x17, 0x1B, 0x01, 0x3E, 0x02, 0x33, 0x32, 0x16, 0x15, 0x14, 0x06,
	0x07, 0x03, 0x17, 0x14, 0x16, 0x15, 0x14, 0x0E, 0x01, 0x23, 0x22, 0x26, 0x35, 0x34, 0xB6, 0x03,
	0x23, 0x0A, 0x94, 0x04, 0x24, 0x0B, 0x2E, 0x1E, 0x2B, 0x2A, 0x07, 0x03, 0x5E, 0x7A, 0x0F, 0x11,
	0x26, 0x17, 0x25, 0x3A, 0x47, 0x01, 0xBE, 0x0A, 0x03, 0x0E, 0x28, 0x14, 0x28, 0x40, 0x36, 0x11,
	0x34, 0x13, 0x6E, 0x01, 0xB6, 0x0D, 0x37, 0x0F, 0x0A, 0x16, 0x0B, 0x1B, 0x3B, 0x1C, 0xFE, 0xDC,
	0x01, 0x3C, 0x29, 0x21, 0x12, 0x28, 0x1E, 0x18, 0x4E, 0x04, 0xFE, 0x22, 0x66, 0x08, 0x1D, 0x01,
	0x12, 0x16, 0x0E, 0x29, 0x22, 0x06, 0x00, 0x01, 0x00, 0x00, 0xFF, 0xF4, 0x02, 0x5C, 0x03, 0x42,
	0x00, 0x33, 0x00, 0x42, 0x40, 0x1E, 0x32, 0x24, 0x1D, 0x18, 0x0C, 0x04, 0x12, 0x0F, 0x04, 0x2F,
	0xDE, 0x34, 0x21, 0x91, 0x28, 0x08, 0x56, 0x11, 0x3A, 0x1E, 0x1D, 0xDD, 0x2C, 0x2B, 0x01, 0x15,
	0xDF, 0x28, 0xE0, 0x78, 0x00, 0x76, 0x3F, 0x18, 0x3F, 0x00, 0x3F, 0x3C, 0xFD, 0x3C, 0x3F, 0xFD,
	0x10, 0xFD, 0x10, 0xFD, 0x00, 0x2E, 0x2E, 0x2E, 0x01, 0x2E, 0x2E, 0x2E, 0x2E, 0x2E, 0x2E, 0x31,
	0x30, 0xB2, 0x34, 0x32, 0x05, 0x2B, 0x37, 0x3E, 0x01, 0x37, 0x01, 0x07, 0x0E, 0x01, 0x23, 0x22,
	0x2E, 0x01, 0x35, 0x34, 0x36, 0x33, 0x16, 0x17, 0x25, 0x32, 0x36, 0x33, 0x32, 0x16, 0x15, 0x14,
	0x0E, 0x01, 0x07, 0x01, 0x33, 0x32, 0x36, 0x33, 0x32, 0x16, 0x15, 0x14, 0x07, 0x06, 0x23, 0x22,
	0x26, 0x23, 0x21, 0x22, 0x06, 0x27, 0x2E, 0x01, 0x35, 0x34, 0x06, 0x07, 0x33, 0x08, 0x01, 0x2E,
	0xA4, 0x0C, 0x22, 0x09, 0x09, 0x24, 0x17, 0x1C, 0x12, 0x1D, 0x1E, 0x01, 0x0E, 0x0C, 0x22, 0x0E,
	0x19, 0x39, 0x10, 0x3F, 0x09, 0xFE, 0xBA, 0xB0, 0x0D, 0x29, 0x10, 0x2C, 0x3A, 0x24, 0x0B, 0x0A,
	0x09, 0x3F, 0x0D, 0xFE, 0xF8, 0x0B, 0x2A, 0x09, 0x1F, 0x27, 0x84, 0x0E, 0x11, 0x0D, 0x01, 0xF4,
	0x16, 0x01, 0x11, 0x11, 0x30, 0x1B, 0x1F, 0x1C, 0x04, 0x03, 0x18, 0x1E, 0x49, 0x20, 0x0C, 0x17,
	0x12, 0x10, 0xFD, 0xEA, 0x20, 0x3C, 0x26, 0x2A, 0x18, 0x06, 0x14, 0x11, 0x01, 0x06, 0x43, 0x23,
	0x12, 0x00, 0x00, 0x02, 0x00, 0x09, 0xFF, 0xD6, 0x02, 0x01, 0x02, 0x2E, 0x00, 0x2C, 0x00, 0x38,
	0x00, 0x34, 0x40, 0x17, 0x36, 0x27, 0x1E, 0x11, 0x03, 0xCD, 0x39, 0x2B, 0xE2, 0x39, 0x33, 0xDD,
	0x06, 0x15, 0xE1, 0x22, 0x30, 0x02, 0x0A, 0x22, 0xE3, 0x06, 0xE4, 0x00, 0x3F, 0x3F, 0x01, 0x2F,
	0xFD, 0x00, 0x10, 0xFD, 0x10, 0xFD, 0x10, 0xFD, 0x10, 0xFD, 0x01, 0x2E, 0x2E, 0x2E, 0x2E, 0x31,
	0x30, 0xB2, 0x39, 0x0A, 0x05, 0x2B, 0x21, 0x2E, 0x01, 0x27, 0x0E, 0x01, 0x23, 0x22, 0x2E, 0x01,
	0x35, 0x34, 0x37, 0x36, 0x37, 0x3E, 0x01, 0x35, 0x34, 0x2E, 0x01, 0x23, 0x22, 0x06, 0x07, 0x0E,
	0x01, 0x07, 0x06, 0x26, 0x35, 0x34, 0x3E, 0x01, 0x33, 0x32, 0x12, 0x1E, 0x01, 0x15, 0x14, 0x0E,
	0x01, 0x23, 0x22, 0x27, 0x0E, 0x01, 0x15, 0x14, 0x16, 0x33, 0x32, 0x36, 0x37, 0x0E, 0x01, 0x01,
	0x96, 0x1C, 0x0F, 0x09, 0x16, 0x85, 0x3F, 0x29, 0x3D, 0x19, 0x7E, 0x5F, 0x60, 0x02, 0x02, 0x07,
	0x1D, 0x12, 0x1D, 0x33, 0x20, 0x1D, 0x1A, 0x0F, 0x1A, 0x2A, 0x1B, 0xB8, 0x6B, 0x5A, 0x21, 0x11,
	0x1D, 0x07, 0x23, 0x18, 0x18, 0xE5, 0x1C, 0x26, 0x16, 0x13, 0x29, 0x69, 0x17, 0x3F, 0x3A, 0x0F,
	0x22, 0x3F, 0x38, 0x62, 0x31, 0x55, 0x1A, 0x62, 0x46, 0x2F, 0x2F, 0x06, 0x10, 0x0B, 0x0F, 0x13,
	0x09, 0x18, 0x16, 0x1D, 0x19, 0x02, 0x04, 0x2A, 0x1D, 0x11, 0x2A, 0x4E, 0xFE, 0xE3, 0xA2, 0x29,
	0x0F, 0x08, 0x21, 0x18, 0xD6, 0x15, 0x25, 0x17, 0x0F, 0x20, 0x79, 0x5B, 0x1E, 0x20, 0x00, 0x02,
	0x00, 0x1E, 0xFF, 0xEA, 0x01, 0x9C, 0x02, 0xFD, 0x00, 0x28, 0x00, 0x37, 0x00, 0x52, 0x40, 0x27,
	0x0D, 0x0D, 0xE9, 0x38, 0x2C, 0x64, 0x04, 0xE3, 0x32, 0xE7, 0x0A, 0xE0, 0x26, 0x00, 0x17, 0x1A,
	0x1E, 0x1A, 0x10, 0x00, 0x29, 0x35, 0x02, 0x07, 0x2F, 0x02, 0x1A, 0x01, 0x00, 0x02, 0x1B, 0x1A,
	0x21, 0xEA, 0x13, 0x67, 0x01, 0x17, 0x46, 0x76, 0x2F, 0x37, 0x18, 0x00, 0x3F, 0x3F, 0x01, 0x2F,
	0x3C, 0xFD, 0x3C, 0x10, 0xFD, 0x2F, 0xFD, 0x3C, 0x10, 0xD6, 0x10, 0xD6, 0x10, 0xD6, 0x10, 0xD6,
	0x00, 0x3F, 0xFD, 0x3F, 0xFD, 0x10, 0xFD, 0x01, 0x2E, 0x31, 0x30, 0xB2, 0x38, 0x17, 0x05, 0x2B,
	0x13, 0x15, 0x3E, 0x01, 0x33, 0x32, 0x16, 0x15, 0x14, 0x06, 0x23, 0x22, 0x26, 0x27, 0x14, 0x16,
	0x15, 0x14, 0x06, 0x23, 0x22, 0x2E, 0x01, 0x35, 0x34, 0x36, 0x35, 0x11, 0x34, 0x26, 0x35, 0x34,
	0x36, 0x33, 0x32, 0x1E, 0x02, 0x15, 0x14, 0x06, 0x13, 0x34, 0x26, 0x23, 0x22, 0x06, 0x15, 0x14,
	0x16, 0x33, 0x32, 0x36, 0x35, 0x34, 0x26, 0xA0, 0x16, 0x22, 0x1C, 0x4A, 0x5E, 0x43, 0x53, 0x22,
	0x34, 0x16, 0x0B, 0x12, 0x28, 0x19, 0x2A, 0x0A, 0x10, 0x0D, 0x10, 0x32, 0x1B, 0x2C, 0x0D, 0x02,
	0x19, 0x78, 0x18, 0x18, 0x13, 0x29, 0x25, 0x17, 0x1E, 0x13, 0x01, 0x02, 0x6D, 0x81, 0x22, 0x20,
	0xB5, 0x6B, 0x73, 0xA7, 0x22, 0x20, 0x08, 0x1D, 0x08, 0x09, 0x16, 0x0F, 0x16, 0x09, 0x09, 0x20,
	0x0A, 0x02, 0x3A, 0x0B, 0x2A, 0x07, 0x0C, 0x30, 0x17, 0x1B, 0x0A, 0x05, 0x0E, 0x32, 0xFE, 0x92,
	0x3F, 0x6F, 0x81, 0x2D, 0x3C, 0x7E, 0x3D, 0x38, 0x16, 0x23, 0x00, 0x01, 0x00, 0x16, 0xFF, 0xE6,
	0x01, 0x71, 0x02, 0x34, 0x00, 0x2D, 0x00, 0x37, 0x40, 0x18, 0x2B, 0x10, 0x28, 0x17, 0x20, 0xEB,
	0x03, 0x1A, 0x28, 0x09, 0x14, 0x17, 0x02, 0x0C, 0x1D, 0x02, 0x06, 0x09, 0xEC, 0x03, 0x26, 0x01,
	0x06, 0x46, 0x76, 0x2F, 0x37, 0x18, 0x00, 0x3F, 0x3F, 0x01, 0x2F, 0xFD, 0x2F, 0xFD, 0x3C, 0x00,
	0x10, 0xFD, 0x10, 0xFD, 0x3F, 0xD6, 0x01, 0x2E, 0x31, 0x30, 0xB2, 0x2E, 0x06, 0x05, 0x2B, 0x25,
	0x0E, 0x01, 0x23, 0x22, 0x26, 0x35, 0x34, 0x36, 0x33, 0x32, 0x16, 0x15, 0x14, 0x0E, 0x01, 0x23,
	0x22, 0x2E, 0x01, 0x35, 0x3C, 0x01, 0x37, 0x34, 0x26, 0x23, 0x22, 0x06, 0x15, 0x14, 0x16, 0x33,
	0x32, 0x36, 0x37, 0x3E, 0x01, 0x37, 0x36, 0x33, 0x32, 0x16, 0x15, 0x14, 0x06, 0x01, 0x3A, 0x1E,
	0x3C, 0x28, 0x4F, 0x53, 0x65, 0x54, 0x41, 0x4C, 0x06, 0x21, 0x15, 0x28, 0x1C, 0x03, 0x01, 0x05,
	0x0A, 0x11, 0x26, 0x0E, 0x10, 0x14, 0x1E, 0x08, 0x07, 0x02, 0x0B, 0x0E, 0x16, 0x1F, 0x2E, 0x2F,
	0x47, 0x2E, 0x33, 0x9A, 0x70, 0x7F, 0xC5, 0x88, 0x48, 0x14, 0x1F, 0x13, 0x1F, 0x1D, 0x11, 0x0E,
	0x1C, 0x0E, 0x17, 0x15, 0xC3, 0x57, 0x31, 0x34, 0x26, 0x19, 0x09, 0x32, 0x08, 0x08, 0x1A, 0x1A,
	0x16, 0x39, 0x00, 0x02, 0x00, 0x12, 0xFF, 0xEA, 0x01, 0x90, 0x02, 0xFD, 0x00, 0x28, 0x00, 0x37,
	0x00, 0x52, 0x40, 0x27, 0x1D, 0x1D, 0xE9, 0x38, 0x29, 0x64, 0x26, 0xE3, 0x32, 0xE7, 0x20, 0xE0,
	0x04, 0x00, 0x12, 0x0E, 0x0B, 0x0E, 0x1A, 0x00, 0x2C, 0x2F, 0x02, 0x23, 0x35, 0x02, 0x0E, 0x01,
	0x00, 0x02, 0x0F, 0x0E, 0x08, 0xEA, 0x16, 0x67, 0x01, 0x23, 0x46, 0x76, 0x2F, 0x37, 0x18, 0x00,
	0x3F, 0x3F, 0x01, 0x2F, 0x3C, 0xFD, 0x3C, 0x10, 0xFD, 0x2F, 0xFD, 0x3C, 0x10, 0xD6, 0x10, 0xD6,
	0x10, 0xD6, 0x10, 0xD6, 0x00, 0x3F, 0xFD, 0x3F, 0xFD, 0x10, 0xFD, 0x01, 0x2E, 0x31, 0x30, 0xB2,
	0x38, 0x23, 0x05, 0x2B, 0x01, 0x35, 0x34, 0x26, 0x35, 0x34, 0x3E, 0x01, 0x33, 0x32, 0x16, 0x15,
	0x14, 0x06, 0x15, 0x11, 0x14, 0x16, 0x15, 0x14, 0x0E, 0x01, 0x23, 0x22, 0x2E, 0x01, 0x35, 0x34,
	0x36, 0x37, 0x0E, 0x01, 0x23, 0x22, 0x26, 0x35, 0x34, 0x36, 0x33, 0x32, 0x16, 0x07, 0x22, 0x06,
	0x15, 0x14, 0x06, 0x15, 0x14, 0x16, 0x33, 0x32, 0x36, 0x35, 0x34, 0x26, 0x01, 0x0E, 0x1A, 0x0F,
	0x2F, 0x19, 0x32, 0x10, 0x0D, 0x10, 0x0A, 0x2A, 0x1A, 0x14, 0x18, 0x0D, 0x0A, 0x01, 0x17, 0x32,
	0x23, 0x53, 0x43, 0x5E, 0x4A, 0x1B, 0x23, 0x32, 0x17, 0x19, 0x01, 0x13, 0x1E, 0x17, 0x25, 0x28,
	0x01, 0xEC, 0x81, 0x10, 0x34, 0x0B, 0x08, 0x20, 0x19, 0x30, 0x0C, 0x0B, 0x29, 0x08, 0xFD, 0xC6,
	0x0A, 0x20, 0x09, 0x09, 0x16, 0x0F, 0x07, 0x0F, 0x09, 0x07, 0x1D, 0x09, 0x21, 0x21, 0xA5, 0x75,
	0x6A, 0xB6, 0x20, 0x52, 0x6D, 0x41, 0x11, 0x23, 0x12, 0x37, 0x3D, 0x7D, 0x3D, 0x30, 0x7E, 0x00,
	0x00, 0x02, 0x00, 0x1D, 0xFF, 0xE8, 0x01, 0x87, 0x02, 0x37, 0x00, 0x20, 0x00, 0x2C, 0x00, 0x3D,
	0x40, 0x1B, 0x1D, 0x24, 0x1A, 0xBB, 0x2D, 0x2A, 0xED, 0x0A, 0x13, 0xC4, 0x03, 0x10, 0x02, 0x06,
	0x24, 0x02, 0x06, 0x27, 0x02, 0x0D, 0x0A, 0xEE, 0x03, 0x4F, 0x01, 0x06, 0x46, 0x76, 0x2F, 0x37,
	0x18, 0x00, 0x3F, 0x3F, 0x01, 0x2F, 0xFD, 0x2F, 0xFD, 0x10, 0xFD, 0x00, 0x10, 0xFD, 0x10, 0xFD,
	0x10, 0xFD, 0x00, 0x2E, 0x01, 0x2E, 0x31, 0x30, 0xB2, 0x2D, 0x06, 0x05, 0x2B, 0x25, 0x0E, 0x01,
	0x23, 0x22, 0x26, 0x35, 0x34, 0x3E, 0x01, 0x33, 0x32, 0x16, 0x15, 0x14, 0x06, 0x07, 0x1E, 0x01,
	0x33, 0x32, 0x36, 0x37, 0x3E, 0x02, 0x33, 0x32, 0x16, 0x15, 0x14, 0x0E, 0x01, 0x03, 0x0E, 0x01,
	0x15, 0x3E, 0x01, 0x35, 0x34, 0x26, 0x23, 0x22, 0x06, 0x01, 0x50, 0x07, 0x65, 0x2A, 0x4B, 0x52,
	0x5D, 0x63, 0x0E, 0x39, 0x4A, 0x76, 0x63, 0x0B, 0x13, 0x19, 0x16, 0x32, 0x07, 0x04, 0x08, 0x17,
	0x08, 0x15, 0x2C, 0x07, 0x18, 0xC0, 0x0F, 0x0C, 0x2E, 0x51, 0x19, 0x09, 0x14, 0x24, 0x18, 0x0B,
	0x25, 0x9B, 0x6F, 0x78, 0xBE, 0x0F, 0x46, 0x45, 0x4B, 0xA7, 0x22, 0x29, 0x24, 0x21, 0x0E, 0x02,
	0x29, 0x0C, 0x28, 0x17, 0x06, 0x1F, 0x1F, 0x01, 0x62, 0x22, 0x52, 0x22, 0x0E, 0x70, 0x2A, 0x18,
	0x10, 0x22, 0x00, 0x01, 0x00, 0x03, 0xFF, 0xD9, 0x01, 0x89, 0x03, 0x45, 0x00, 0x2E, 0x00, 0x34,
	0x40, 0x14, 0x2D, 0x24, 0x1A, 0x13, 0x0F, 0x21, 0x1F, 0x29, 0x1F, 0x2A, 0x02, 0x09, 0x08, 0x17,
	0xEF, 0x03, 0x55, 0x01, 0x0F, 0x46, 0x76, 0x2F, 0x37, 0x18, 0x00, 0x3F, 0x3F, 0x01, 0x2F, 0x3C,
	0xFD, 0x3C, 0x3C, 0x00, 0x00, 0x2E, 0x2E, 0x01, 0x2E, 0x2E, 0x2E, 0x2E, 0x2E, 0x31, 0x30, 0xB2,
	0x2F, 0x0F, 0x05, 0x2B, 0x05, 0x0E, 0x01, 0x23, 0x22, 0x2E, 0x02, 0x35, 0x11, 0x06, 0x2B, 0x01,
	0x2E, 0x01, 0x35, 0x34, 0x3E, 0x01, 0x37, 0x34, 0x3E, 0x01, 0x33, 0x32, 0x16, 0x07, 0x0E, 0x03,
	0x15, 0x36, 0x37, 0x32, 0x16, 0x15, 0x14, 0x0E, 0x01, 0x0F, 0x01, 0x03, 0x14, 0x16, 0x15, 0x14,
	0x01, 0x06, 0x07, 0x20, 0x15, 0x1C, 0x31, 0x09, 0x02, 0x0D, 0x12, 0x0B, 0x1D, 0x28, 0x0F, 0x4C,
	0x0E, 0x3B, 0x69, 0x09, 0x1C, 0x3B, 0x02, 0x04, 0x46, 0x2F, 0x13, 0x31, 0x31, 0x18, 0x2D, 0x0C,
	0x37, 0x1A, 0x48, 0x01, 0x26, 0x04, 0x12, 0x11, 0x1D, 0x25, 0x1D, 0x16, 0x01, 0x38, 0x06, 0x04,
	0x1E, 0x16, 0x0D, 0x1C, 0x0C, 0x05, 0x94, 0x9E, 0x21, 0x25, 0x0E, 0x15, 0x16, 0x3A, 0x55, 0x46,
	0x0B, 0x0B, 0x29, 0x17, 0x08, 0x20, 0x06, 0x02, 0x14, 0xFE, 0xBB, 0x1B, 0x2F, 0x0B, 0x06, 0x00,
	0x00, 0x02, 0x00, 0x15, 0xFF, 0x47, 0x01, 0x81, 0x02, 0x39, 0x00, 0x30, 0x00, 0x3C, 0x00, 0x5D,
	0x40, 0x2D, 0x06, 0x25, 0x1E, 0x3A, 0x22, 0x2B, 0x25, 0x15, 0x0D, 0x09, 0x18, 0x34, 0x35, 0x18,
	0xE0, 0x3A, 0x3C, 0x1E, 0x2C, 0x0D, 0x12, 0x00, 0x37, 0x02, 0x2B, 0x25, 0x02, 0x2B, 0x31, 0x02,
	0x1B, 0x15, 0x14, 0x11, 0x03, 0x10, 0x02, 0x2E, 0x28, 0xF1, 0x00, 0xF2, 0x01, 0x1B, 0x46, 0x76,
	0x2F, 0x37, 0x18, 0x00, 0x3F, 0x3F, 0x01, 0x2F, 0xFD, 0x17, 0x3C, 0x2F, 0xFD, 0x2F, 0xFD, 0x10,
	0xFD, 0x00, 0x10, 0xFD, 0x3F, 0xFD, 0x3F, 0xFD, 0x10, 0xD6, 0x10, 0xD6, 0x01, 0x11, 0x12, 0x39,
	0x00, 0x11, 0x12, 0x39, 0x01, 0x2E, 0x31, 0x30, 0xB2, 0x3D, 0x1B, 0x05, 0x2B, 0x05, 0x22, 0x26,
	0x27, 0x2E, 0x01, 0x27, 0x26, 0x36, 0x33, 0x32, 0x1E, 0x01, 0x33, 0x32, 0x36, 0x3D, 0x01, 0x34,
	0x26, 0x3D, 0x01, 0x0E, 0x01, 0x23, 0x22, 0x26, 0x35, 0x34, 0x36, 0x33, 0x32, 0x17, 0x16, 0x17,
	0x26, 0x34, 0x35, 0x34, 0x36, 0x33, 0x32, 0x16, 0x17, 0x14, 0x16, 0x17, 0x14, 0x06, 0x03, 0x14,
	0x16, 0x33, 0x32, 0x36, 0x35, 0x34, 0x26, 0x23, 0x22, 0x06, 0x01, 0x1D, 0x2B, 0x44, 0x1E, 0x1F,
	0x18, 0x05, 0x05, 0x2D, 0x22, 0x14, 0x21, 0x22, 0x10, 0x0F, 0x0A, 0x01, 0x24, 0x30, 0x2D, 0x3E,
	0x49, 0x4E, 0x4B, 0x28, 0x14, 0x12, 0x12, 0x05, 0x18, 0x14, 0x17, 0x27, 0x07, 0x04, 0x03, 0x26,
	0xDD, 0x17, 0x19, 0x16, 0x3E, 0x22, 0x20, 0x1A, 0x28, 0xB9, 0x12, 0x18, 0x09, 0x0F, 0x18, 0x18,
	0x17, 0x08, 0x2A, 0x25, 0x2C, 0x0C, 0x14, 0x2E, 0x1A, 0x0F, 0x3E, 0x34, 0xA8, 0x71, 0x76, 0xA8,
	0x10, 0x12, 0x11, 0x0E, 0x0A, 0x03, 0x10, 0x16, 0x14, 0x12, 0x78, 0xEE, 0x84, 0x83, 0x5A, 0x01,
	0xC8, 0x3F, 0x69, 0x72, 0x36, 0x3F, 0x69, 0x6E, 0x00, 0x01, 0x00, 0x2E, 0xFF, 0xD3, 0x01, 0xCB,
	0x03, 0x3F, 0x00, 0x3D, 0x00, 0x4E, 0x40, 0x24, 0x10, 0x08, 0x30, 0x00, 0x35, 0x24, 0xE3, 0x05,
	0x35, 0x2C, 0x29, 0x35, 0x02, 0x29, 0x1D, 0x02, 0x14, 0x3B, 0x02, 0x27, 0x21, 0x20, 0x03, 0x02,
	0x17, 0x14, 0x38, 0x02, 0x29, 0x1A, 0xF7, 0x0B, 0xF8, 0x01, 0x10, 0x46, 0x76, 0x2F, 0x37, 0x18,
	0x00, 0x3F, 0x3F, 0x01, 0x2F, 0xFD, 0x2F, 0x3C, 0xFD, 0x3C, 0x3C, 0x2F, 0xFD, 0x10, 0xFD, 0x10,
	0xFD, 0x10, 0xD6, 0x10, 0xD6, 0x00, 0x3F, 0xFD, 0x00, 0x2E, 0x01, 0x2E, 0x2E, 0x31, 0x30, 0xB2,
	0x3E, 0x10, 0x05, 0x2B, 0x01, 0x26, 0x02, 0x15, 0x06, 0x15, 0x14, 0x16, 0x15, 0x14, 0x06, 0x23,
	0x22, 0x2E, 0x02, 0x35, 0x34, 0x3E, 0x01, 0x37, 0x34, 0x26, 0x27, 0x34, 0x36, 0x33, 0x32, 0x16,
	0x07, 0x0E, 0x01, 0x15, 0x11, 0x3E, 0x01, 0x33, 0x32, 0x16, 0x15, 0x14, 0x07, 0x1E, 0x01, 0x15,
	0x14, 0x0E, 0x01, 0x23, 0x22, 0x2E, 0x02, 0x35, 0x34, 0x36, 0x35, 0x3E, 0x01, 0x35, 0x34, 0x26,
	0x01, 0x3E, 0x1D, 0x7F, 0x03, 0x10, 0x23, 0x1A, 0x0F, 0x1A, 0x15, 0x06, 0x01, 0x02, 0x01, 0x01,
	0x01, 0x11, 0x24, 0x21, 0x35, 0x07, 0x01, 0x11, 0x1C, 0x50, 0x3C, 0x3C, 0x45, 0x15, 0x02, 0x03,
	0x09, 0x27, 0x1C, 0x14, 0x1C, 0x09, 0x03, 0x17, 0x06, 0x06, 0x0D, 0x01, 0xB6, 0x04, 0xFE, 0xFD,
	0x69, 0x06, 0x06, 0x09, 0x22, 0x0A, 0x09, 0x31, 0x17, 0x23, 0x90, 0x74, 0x40, 0xBA, 0x9D, 0x4A,
	0x06, 0x0F, 0x0A, 0x0E, 0x20, 0x22, 0x17, 0x04, 0x14, 0x06, 0xFE, 0xBE, 0x40, 0x48, 0xB4, 0x7C,
	0x5D, 0x4D, 0x0E, 0x11, 0x01, 0x0B, 0x10, 0x15, 0x0F, 0x16, 0x0D, 0x05, 0x0C, 0x1F, 0x0C, 0x1B,
	0x4F, 0x2D, 0x47, 0x65, 0x00, 0x02, 0x00, 0x1D, 0xFF, 0xDE, 0x00, 0xBB, 0x03, 0x00, 0x00, 0x18,
	0x00, 0x35, 0x00, 0x46, 0x40, 0x1F, 0x29, 0x16, 0x16, 0xF9, 0x09, 0x2D, 0x10, 0x34, 0x0D, 0x10,
	0x00, 0x25, 0x04, 0x00, 0x1F, 0x31, 0x30, 0x02, 0x22, 0x13, 0x10, 0x02, 0x06, 0x04, 0x09, 0xFA,
	0x1B, 0xA7, 0x01, 0x25, 0x46, 0x76, 0x2F, 0x37, 0x18, 0x00, 0x3F, 0x3F, 0x01, 0x2F, 0x3C, 0xFD,
	0x3C, 0x2F, 0xFD, 0x3C, 0x2F, 0x3C, 0x10, 0xD6, 0x3C, 0x10, 0xD6, 0x3C, 0x10, 0xD6, 0x00, 0x10,
	0xFD, 0x10, 0xD6, 0x31, 0x30, 0xB2, 0x36, 0x25, 0x05, 0x2B, 0x13, 0x26, 0x3E, 0x01, 0x35, 0x26,
	0x35, 0x34, 0x36, 0x33, 0x32, 0x1E, 0x01, 0x15, 0x14, 0x06, 0x07, 0x06, 0x16, 0x17, 0x14, 0x06,
	0x23, 0x22, 0x26, 0x13, 0x06, 0x23, 0x22, 0x2E, 0x01, 0x35, 0x34, 0x36, 0x37, 0x34, 0x26, 0x35,
	0x34, 0x3E, 0x01, 0x33, 0x32, 0x1E, 0x01, 0x15, 0x14, 0x06, 0x15, 0x11, 0x14, 0x16, 0x15, 0x14,
	0x20, 0x03, 0x0E, 0x02, 0x01, 0x19, 0x2B, 0x13, 0x22, 0x0C, 0x0E, 0x01, 0x01, 0x02, 0x01, 0x19,
	0x13, 0x1E, 0x34, 0x7C, 0x1B, 0x1C, 0x25, 0x1C, 0x09, 0x02, 0x01, 0x06, 0x09, 0x19, 0x1C, 0x1A,
	0x36, 0x0F, 0x1F, 0x16, 0x02, 0x7A, 0x0A, 0x1E, 0x0E, 0x0B, 0x16, 0x0A, 0x10, 0x15, 0x09, 0x0C,
	0x08, 0x09, 0x33, 0x07, 0x08, 0x19, 0x0B, 0x14, 0x0E, 0x16, 0xFD, 0x86, 0x10, 0x2E, 0x63, 0x4F,
	0x38, 0x74, 0x3A, 0x0D, 0x2E, 0x0A, 0x12, 0x18, 0x19, 0x11, 0x16, 0x0C, 0x0D, 0x3C, 0x12, 0xFE,
	0xDA, 0x14, 0x50, 0x06, 0x15, 0x00, 0x00, 0x02, 0xFF, 0xBE, 0xFF, 0x54, 0x00, 0xAE, 0x02, 0xF2,
	0x00, 0x24, 0x00, 0x3E, 0x00, 0x5A, 0x40, 0x29, 0x0B, 0x32, 0x2C, 0x38, 0x1D, 0x38, 0x0E, 0xFC,
	0x3F, 0x38, 0x91, 0x2C, 0x11, 0xFB, 0x08, 0x19, 0x16, 0x15, 0x05, 0x35, 0x32, 0x2F, 0x22, 0x02,
	0x05, 0x02, 0x32, 0x28, 0x3C, 0x02, 0x32, 0x25, 0x02, 0x32, 0x2C, 0xFD, 0x08, 0xFE, 0x01, 0x0B,
	0x46, 0x76, 0x2F, 0x37, 0x18, 0x00, 0x3F, 0x3F, 0x01, 0x2F, 0xFD, 0x10, 0xFD, 0x3C, 0x10, 0xD6,
	0x3C, 0x10, 0xD6, 0x3C, 0x10, 0xD6, 0x3C, 0x2F, 0x3C, 0xD6, 0x00, 0x10, 0xFD, 0x10, 0xFD, 0x10,
	0xFD, 0x10, 0xD6, 0x00, 0x11, 0x12, 0x39, 0x01, 0x2E, 0x31, 0x30, 0xB2, 0x3F, 0x0B, 0x05, 0x2B,
	0x13, 0x06, 0x15, 0x14, 0x16, 0x15, 0x14, 0x06, 0x23, 0x22, 0x26, 0x35, 0x34, 0x36, 0x33, 0x32,
	0x16, 0x33, 0x32, 0x3E, 0x01, 0x3D, 0x01, 0x34, 0x26, 0x35, 0x34, 0x37, 0x36, 0x33, 0x32, 0x1E,
	0x02, 0x15, 0x14, 0x06, 0x27, 0x34, 0x26, 0x35, 0x34, 0x3E, 0x01, 0x33, 0x32, 0x16, 0x15, 0x14,
	0x06, 0x17, 0x14, 0x16, 0x15, 0x14, 0x06, 0x23, 0x22, 0x2E, 0x01, 0x35, 0x34, 0x36, 0xAA, 0x03,
	0x02, 0x40, 0x38, 0x27, 0x4C, 0x0F, 0x0F, 0x05, 0x16, 0x05, 0x0A, 0x18, 0x0C, 0x0C, 0x06, 0x0F,
	0x23, 0x17, 0x25, 0x13, 0x09, 0x04, 0x6A, 0x05, 0x04, 0x19, 0x1A, 0x23, 0x19, 0x0D, 0x01, 0x09,
	0x0A, 0x21, 0x14, 0x25, 0x0D, 0x06, 0x01, 0xC0, 0x12, 0x24, 0x12, 0x71, 0x23, 0xE1, 0xAF, 0x20,
	0x16, 0x08, 0x13, 0x04, 0x12, 0xE3, 0xB3, 0x85, 0x09, 0x2C, 0x0B, 0x0C, 0x08, 0x10, 0x0B, 0x14,
	0x1C, 0x10, 0x10, 0x13, 0xCE, 0x08, 0x21, 0x04, 0x09, 0x12, 0x18, 0x25, 0x0B, 0x0A, 0x28, 0x08,
	0x08, 0x16, 0x04, 0x05, 0x19, 0x0E, 0x15, 0x08, 0x05, 0x16, 0x00, 0x01, 0x00, 0x22, 0xFF, 0xE5,
	0x01, 0xF3, 0x03, 0x22, 0x00, 0x37, 0x00, 0x4C, 0x40, 0x1F, 0x2F, 0x29, 0x25, 0x22, 0x37, 0xFF,
	0x38, 0x33, 0xE8, 0x38, 0x03, 0x00, 0x09, 0x0C, 0x16, 0x02, 0x0C, 0x37, 0x1C, 0x19, 0x03, 0x00,
	0x02, 0x0E, 0x0D, 0x0C, 0x06, 0x93, 0x01, 0x09, 0x46, 0x76, 0x2F, 0x37, 0x18, 0x00, 0x3F, 0xB9,
	0x00, 0x12, 0x01, 0x00, 0x3F, 0x01, 0x2F, 0x3C, 0x3C, 0xFD, 0x17, 0x3C, 0x10, 0xFD, 0x10, 0xD6,
	0x10, 0xD6, 0x00, 0x10, 0xFD, 0x10, 0xFD, 0x00, 0x2E, 0x01, 0x2E, 0x2E, 0x2E, 0x31, 0x30, 0xB2,
	0x38, 0x09, 0x05, 0x2B, 0x37, 0x14, 0x16, 0x15, 0x14, 0x06, 0x23, 0x22, 0x26, 0x35, 0x34, 0x36,
	0x35, 0x11, 0x35, 0x34, 0x3E, 0x01, 0x33, 0x32, 0x1E, 0x01, 0x15, 0x14, 0x06, 0x15, 0x1C, 0x01,
	0x15, 0x3E, 0x04, 0x33, 0x32, 0x16, 0x15, 0x14, 0x06, 0x0F, 0x01, 0x17, 0x1E, 0x02, 0x14, 0x15,
	0x14, 0x0E, 0x01, 0x23, 0x22, 0x26, 0x2F, 0x01, 0xA8, 0x0B, 0x23, 0x31, 0x2C, 0x11, 0x04, 0x08,
	0x1E, 0x16, 0x1A, 0x2B, 0x10, 0x0F, 0x29, 0x59, 0x1B, 0x1D, 0x1E, 0x06, 0x1E, 0x3C, 0x29, 0x13,
	0xA6, 0xB2, 0x02, 0x3C, 0x05, 0x26, 0x29, 0x0C, 0x11, 0x25, 0x06, 0xB4, 0x42, 0x09, 0x1E, 0x04,
	0x0B, 0x27, 0x2B, 0x09, 0x04, 0x1A, 0x0D, 0x02, 0x92, 0x1C, 0x0F, 0x17, 0x0A, 0x0C, 0x16, 0x0E,
	0x0B, 0x2F, 0x0C, 0x9D, 0x74, 0x36, 0x2C, 0x52, 0x1B, 0x31, 0x08, 0x2C, 0x19, 0x0E, 0x28, 0x12,
	0xAC, 0x80, 0x01, 0x17, 0x1C, 0x07, 0x03, 0x1C, 0x2C, 0x0E, 0x2A, 0x04, 0x7E, 0x00, 0x00, 0x01,
	0x00, 0x17, 0xFF, 0xD3, 0x00, 0xB3, 0x03, 0x2E, 0x00, 0x1D, 0x00, 0x30, 0x40, 0x13, 0x18, 0x11,
	0x14, 0x02, 0x05, 0x06, 0x09, 0x05, 0x15, 0x14, 0x02, 0x05, 0x0D, 0xC5, 0x1B, 0xF8, 0x01, 0x02,
	0x46, 0x76, 0x2F, 0x37, 0x18, 0x00, 0x3F, 0x3F, 0x01, 0x2F, 0xFD, 0x3C, 0x10, 0xD6, 0x3C, 0x10,
	0xD6, 0x10, 0xD6, 0x3C, 0x00, 0x31, 0x30, 0xB2, 0x1E, 0x02, 0x05, 0x2B, 0x17, 0x26, 0x35, 0x34,
	0x36, 0x35, 0x03, 0x34, 0x26, 0x35, 0x34, 0x3E, 0x01, 0x33, 0x32, 0x1E, 0x01, 0x15, 0x14, 0x06,
	0x15, 0x11, 0x14, 0x16, 0x15, 0x14, 0x06, 0x23, 0x22, 0x26, 0x1E, 0x07, 0x0F, 0x04, 0x02, 0x05,
	0x30, 0x1F, 0x15, 0x18, 0x12, 0x11, 0x11, 0x1B, 0x35, 0x15, 0x27, 0x0A, 0x0B, 0x0C, 0x0B, 0x30,
	0x0C, 0x02, 0x86, 0x07, 0x18, 0x05, 0x0B, 0x14, 0x11, 0x07, 0x17, 0x10, 0x0C, 0x34, 0x0E, 0xFD,
	0xA8, 0x0E, 0x36, 0x07, 0x0C, 0x30, 0x12, 0x00, 0x00, 0x01, 0x00, 0x21, 0xFF, 0xD1, 0x02, 0xC6,
	0x02, 0x3B, 0x00, 0x5A, 0x00, 0x77, 0x40, 0x2C, 0x32, 0x23, 0x2B, 0x27, 0x11, 0x5B, 0x5B, 0x4D,
	0x4E, 0x3D, 0x3C, 0x46, 0x56, 0x4C, 0x59, 0x4C, 0x15, 0x18, 0x0D, 0x07, 0x26, 0x27, 0x02, 0x4F,
	0x4E, 0x4D, 0x03, 0x4C, 0x3E, 0x3D, 0x3C, 0x03, 0x3B, 0x02, 0x2F, 0x2E, 0x19, 0x18, 0x02, 0x07,
	0x0A, 0x01, 0x0D, 0x46, 0x76, 0x2F, 0x37, 0x18, 0x00, 0xB9, 0x00, 0x47, 0x01, 0x06, 0x3F, 0xB9,
	0x00, 0x20, 0x01, 0x05, 0x3F, 0x01, 0x2F, 0x3C, 0xFD, 0x3C, 0x2F, 0x3C, 0xFD, 0x17, 0x3C, 0x2F,
	0x17, 0x3C, 0xFD, 0x3C, 0x10, 0xD6, 0x10, 0xD6, 0x10, 0xD6, 0x10, 0xD6, 0x00, 0x3F, 0xD6, 0x2F,
	0xD6, 0x10, 0xB9, 0x00, 0x36, 0x01, 0x02, 0xFD, 0x10, 0xB9, 0x00, 0x02, 0x01, 0x04, 0xFD, 0x00,
	0x2E, 0x2E, 0x2E, 0x01, 0x2E, 0x2E, 0x31, 0x30, 0xB2, 0x5B, 0x0D, 0x05, 0x2B, 0x37, 0x06, 0x23,
	0x22, 0x2E, 0x02, 0x35, 0x3C, 0x01, 0x37, 0x2E, 0x01, 0x35, 0x34, 0x3E, 0x01, 0x33, 0x32, 0x1E,
	0x01, 0x15, 0x14, 0x06, 0x1D, 0x01, 0x3E, 0x01, 0x37, 0x3E, 0x02, 0x33, 0x32, 0x16, 0x15, 0x14,
	0x06, 0x15, 0x07, 0x3E, 0x02, 0x33, 0x32, 0x16, 0x15, 0x11, 0x14, 0x16, 0x15, 0x14, 0x0E, 0x01,
	0x23, 0x22, 0x2E, 0x02, 0x3D, 0x03, 0x34, 0x27, 0x06, 0x07, 0x0E, 0x03, 0x23, 0x22, 0x2E, 0x02,
	0x3D, 0x03, 0x34, 0x27, 0x0E, 0x01, 0x07, 0x06, 0x15, 0x14, 0x16, 0x15, 0x14, 0xBA, 0x0E, 0x16,
	0x18, 0x31, 0x15, 0x09, 0x01, 0x01, 0x0E, 0x0B, 0x28, 0x15, 0x1C, 0x2A, 0x0A, 0x13, 0x0A, 0x37,
	0x0E, 0x05, 0x0D, 0x16, 0x1A, 0x2A, 0x4F, 0x10, 0x02, 0x12, 0x49, 0x27, 0x2C, 0x21, 0x31, 0x28,
	0x0B, 0x20, 0x15, 0x18, 0x31, 0x14, 0x07, 0x06, 0x15, 0x14, 0x22, 0x1D, 0x02, 0x21, 0x10, 0x1D,
	0x36, 0x0C, 0x02, 0x06, 0x1B, 0x36, 0x06, 0x04, 0x04, 0x3C, 0x0B, 0x1A, 0x22, 0x74, 0x53, 0x29,
	0x53, 0x2A, 0x09, 0x26, 0x08, 0x09, 0x10, 0x0C, 0x10, 0x18, 0x06, 0x0A, 0x22, 0x0A, 0x72, 0x14,
	0x72, 0x1A, 0x0C, 0x1C, 0x13, 0x23, 0x1A, 0x1B, 0x1A, 0x09, 0xD8, 0x29, 0xE7, 0x1C, 0x18, 0x16,
	0xFE, 0x68, 0x0B, 0x1E, 0x12, 0x0A, 0x1C, 0x13, 0x18, 0x1E, 0x56, 0x3A, 0x59, 0x10, 0x0D, 0x2F,
	0x03, 0x30, 0x2F, 0x60, 0x60, 0x46, 0x12, 0x26, 0x2B, 0x5C, 0x19, 0x6D, 0x15, 0x10, 0x3D, 0x02,
	0x2C, 0x70, 0x39, 0x09, 0x0C, 0x07, 0x1E, 0x06, 0x0F, 0x00, 0x00, 0x01, 0x00, 0x21, 0xFF, 0xCF,
	0x01, 0xE0, 0x02, 0x34, 0x00, 0x3E, 0x00, 0x5F, 0x40, 0x2C, 0x33, 0xB2, 0x3F, 0x27, 0x28, 0x28,
	0x29, 0x17, 0x3C, 0xBC, 0x23, 0x70, 0x30, 0x26, 0x03, 0x01, 0x00, 0x1B, 0x0C, 0x12, 0x0F, 0x1B,
	0x02, 0x0F, 0x36, 0x39, 0x02, 0x2A, 0x29, 0x28, 0x27, 0x26, 0x05, 0x2D, 0x1F, 0x1E, 0x02, 0x0C,
	0x0F, 0x17, 0xEC, 0x01, 0x12, 0x46, 0x76, 0x2F, 0x37, 0x18, 0x00, 0xB9, 0x00, 0x07, 0x01, 0x08,
	0x3F, 0x3F, 0x01, 0x2F, 0x3C, 0xFD, 0x3C, 0x2F, 0x17, 0x3C, 0xFD, 0x3C, 0x10, 0xFD, 0x10, 0xD6,
	0x3C, 0x10, 0xD6, 0x3C, 0x3C, 0x10, 0xD6, 0x00, 0x3F, 0xFD, 0x3F, 0xD6, 0x10, 0xD6, 0x10, 0xFD,
	0x31, 0x30, 0xB2, 0x3F, 0x12, 0x05, 0x2B, 0x37, 0x15, 0x16, 0x15, 0x14, 0x0E, 0x01, 0x23, 0x22,
	0x2E, 0x02, 0x35, 0x3C, 0x01, 0x37, 0x34, 0x26, 0x27, 0x34, 0x3E, 0x02, 0x33, 0x32, 0x1E, 0x01,
	0x15, 0x14, 0x06, 0x1D, 0x01, 0x3E, 0x02, 0x33, 0x32, 0x16, 0x1D, 0x04, 0x14, 0x06, 0x15, 0x1E,
	0x01, 0x15, 0x14, 0x06, 0x23, 0x22, 0x26, 0x27, 0x3E, 0x01, 0x35, 0x34, 0x26, 0x27, 0x26, 0x06,
	0xB8, 0x01, 0x08, 0x1F, 0x16, 0x13, 0x26, 0x1A, 0x06, 0x01, 0x02, 0x01, 0x03, 0x0D, 0x13, 0x0D,
	0x1A, 0x3A, 0x0B, 0x10, 0x2B, 0x35, 0x4D, 0x33, 0x2E, 0x1F, 0x01, 0x03, 0x11, 0x36, 0x22, 0x17,
	0x23, 0x0A, 0x01, 0x01, 0x08, 0x0C, 0x0D, 0x4F, 0x4E, 0x0E, 0x16, 0x0B, 0x19, 0x1D, 0x1A, 0x15,
	0x18, 0x77, 0x55, 0x3E, 0x85, 0x47, 0x0C, 0x17, 0x0C, 0x0C, 0x0B, 0x14, 0x08, 0x21, 0x1A, 0x0A,
	0x09, 0x28, 0x08, 0x8A, 0x5B, 0x5C, 0x3F, 0x9B, 0x83, 0x13, 0x12, 0x0F, 0x0C, 0x15, 0x29, 0x14,
	0x08, 0x1B, 0x0F, 0x16, 0x1F, 0x0F, 0x10, 0x14, 0x36, 0x26, 0x5B, 0x6C, 0x01, 0x02, 0xBF, 0x00,
	0x00, 0x02, 0x00, 0x12, 0xFF, 0xE6, 0x01, 0x8C, 0x02, 0x36, 0x00, 0x0F, 0x00, 0x1B, 0x00, 0x2D,
	0x40, 0x13, 0x19, 0x21, 0x0D, 0x13, 0x21, 0x06, 0x10, 0x02, 0x09, 0x16, 0x02, 0x03, 0x0D, 0x7E,
	0x06, 0x26, 0x01, 0x09, 0x46, 0x76, 0x2F, 0x37, 0x18, 0x00, 0x3F, 0x3F, 0x01, 0x2F, 0xFD, 0x2F,
	0xFD, 0x00, 0x10, 0xFD, 0x10, 0xFD, 0x31, 0x30, 0xB2, 0x1C, 0x09, 0x05, 0x2B, 0x01, 0x1E, 0x01,
	0x15, 0x14, 0x06, 0x23, 0x22, 0x26, 0x35, 0x34, 0x3E, 0x01, 0x33, 0x32, 0x16, 0x03, 0x14, 0x16,
	0x17, 0x16, 0x36, 0x35, 0x34, 0x26, 0x23, 0x22, 0x06, 0x01, 0x4A, 0x1F, 0x23, 0x63, 0x5D, 0x5C,
	0x5E, 0x45, 0x56, 0x1E, 0x23, 0x42, 0xA6, 0x15, 0x2D, 0x1C, 0x2F, 0x1D, 0x1E, 0x24, 0x2E, 0x02,
	0x04, 0x21, 0x7C, 0x49, 0x7F, 0xB9, 0xA9, 0x78, 0x6B, 0xAB, 0x19, 0x18, 0xFE, 0xFC, 0x62, 0x69,
	0x07, 0x04, 0x9D, 0x5A, 0x43, 0x56, 0x78, 0x00, 0x00, 0x02, 0x00, 0x1E, 0xFF, 0x25, 0x01, 0x9C,
	0x02, 0x38, 0x00, 0x28, 0x00, 0x35, 0x00, 0x58, 0x40, 0x23, 0x1D, 0x00, 0xE9, 0x36, 0x29, 0x64,
	0x26, 0xE0, 0x30, 0xE7, 0x20, 0xE3, 0x04, 0x00, 0x12, 0x0E, 0x0B, 0x0E, 0x1A, 0x00, 0x33, 0x02,
	0x0E, 0x2D, 0x2C, 0x02, 0x23, 0x01, 0x00, 0x02, 0x0F, 0x0E, 0x01, 0x12, 0x46, 0x76, 0x2F, 0x37,
	0x18, 0x00, 0xB9, 0x00, 0x08, 0x01, 0x0C, 0x3F, 0xB9, 0x00, 0x16, 0x01, 0x0B, 0x3F, 0x01, 0x2F,
	0x3C, 0xFD, 0x3C, 0x2F, 0xFD, 0x3C, 0x10, 0xFD, 0x10, 0xD6, 0x10, 0xD6, 0x10, 0xD6, 0x10, 0xD6,
	0x00, 0x3F, 0xFD, 0x3F, 0xFD, 0x10, 0xFD, 0x01, 0x2E, 0x31, 0x30, 0xB2, 0x36, 0x12, 0x05, 0x2B,
	0x37, 0x15, 0x14, 0x16, 0x15, 0x14, 0x0E, 0x01, 0x23, 0x22, 0x26, 0x35, 0x34, 0x36, 0x35, 0x11,
	0x34, 0x26, 0x35, 0x34, 0x3E, 0x01, 0x33, 0x32, 0x1E, 0x01, 0x15, 0x14, 0x06, 0x07, 0x3E, 0x01,
	0x33, 0x32, 0x16, 0x15, 0x14, 0x06, 0x23, 0x22, 0x26, 0x37, 0x32, 0x36, 0x3D, 0x01, 0x34, 0x26,
	0x23, 0x22, 0x06, 0x15, 0x14, 0x16, 0xA0, 0x1A, 0x0F, 0x2F, 0x19, 0x32, 0x10, 0x0D, 0x10, 0x0A,
	0x2A, 0x1A, 0x14, 0x18, 0x0D, 0x0A, 0x01, 0x17, 0x32, 0x23, 0x53, 0x43, 0x5E, 0x4A, 0x1B, 0x23,
	0x32, 0x18, 0x1E, 0x1B, 0x1B, 0x17, 0x25, 0x28, 0x36, 0x81, 0x10, 0x34, 0x0B, 0x08, 0x20, 0x19,
	0x30, 0x0C, 0x0B, 0x29, 0x08, 0x02, 0x3A, 0x0A, 0x20, 0x09, 0x09, 0x16, 0x0F, 0x07, 0x0F, 0x09,
	0x07, 0x1D, 0x09, 0x21, 0x21, 0xA5, 0x75, 0x6A, 0xB6, 0x20, 0x52, 0x70, 0x3E, 0x26, 0x59, 0x3B,
	0x7D, 0x3D, 0x30, 0x7E, 0x00, 0x02, 0x00, 0x18, 0xFF, 0x25, 0x01, 0x96, 0x02, 0x38, 0x00, 0x27,
	0x00, 0x36, 0x00, 0x56, 0x40, 0x23, 0x01, 0xE9, 0x37, 0x2B, 0x64, 0x04, 0xE0, 0x31, 0xE7, 0x0A,
	0xE3, 0x25, 0x00, 0x16, 0x19, 0x1D, 0x19, 0x28, 0x34, 0x02, 0x07, 0x2E, 0x02, 0x19, 0x01, 0x00,
	0x02, 0x1A, 0x19, 0x0F, 0x02, 0x0D, 0x01, 0x07, 0x46, 0x76, 0x2F, 0x37, 0x18, 0x00, 0xB9, 0x00,
	0x20, 0x01, 0x0C, 0x3F, 0xB9, 0x00, 0x12, 0x01, 0x0B, 0x3F, 0x01, 0x2F, 0xFD, 0x2F, 0x3C, 0xFD,
	0x3C, 0x10, 0xFD, 0x2F, 0xFD, 0x3C, 0x10, 0xD6, 0x10, 0xD6, 0x10, 0xD6, 0x00, 0x3F, 0xFD, 0x3F,
	0xFD, 0x10, 0xFD, 0x31, 0x30, 0xB2, 0x37, 0x07, 0x05, 0x2B, 0x05, 0x35, 0x0E, 0x01, 0x23, 0x22,
	0x26, 0x35, 0x34, 0x36, 0x33, 0x32, 0x16, 0x17, 0x26, 0x27, 0x34, 0x36, 0x33, 0x32, 0x1E, 0x01,
	0x15, 0x14, 0x06, 0x15, 0x11, 0x14, 0x16, 0x15, 0x14, 0x06, 0x23, 0x22, 0x2E, 0x02, 0x35, 0x34,
	0x36, 0x03, 0x14, 0x16, 0x33, 0x32, 0x36, 0x35, 0x34, 0x26, 0x23, 0x22, 0x06, 0x15, 0x1C, 0x01,
	0x01, 0x14, 0x16, 0x22, 0x1C, 0x4A, 0x5E, 0x43, 0x53, 0x22, 0x34, 0x16, 0x06, 0x05, 0x12, 0x28,
	0x19, 0x2A, 0x0A, 0x10, 0x0D, 0x10, 0x32, 0x1B, 0x2C, 0x0D, 0x02, 0x19, 0x78, 0x18, 0x18, 0x13,
	0x29, 0x25, 0x17, 0x1E, 0x13, 0x4B, 0x81, 0x22, 0x20, 0xB5, 0x6B, 0x73, 0xA7, 0x22, 0x20, 0x16,
	0x17, 0x09, 0x16, 0x0F, 0x16, 0x09, 0x09, 0x20, 0x0A, 0xFD, 0xC6, 0x0B, 0x2A, 0x07, 0x0C, 0x30,
	0x17, 0x1B, 0x0A, 0x05, 0x0E, 0x32, 0x01, 0x6E, 0x3F, 0x6F, 0x81, 0x2D, 0x3C, 0x7E, 0x3D, 0x38,
	0x12, 0x23, 0x00, 0x01, 0x00, 0x16, 0xFF, 0xE5, 0x01, 0x99, 0x02, 0x46, 0x00, 0x2B, 0x00, 0x4B,
	0x40, 0x1D, 0x21, 0x11, 0x19, 0x1A, 0x02, 0x26, 0x25, 0x25, 0x26, 0x0D, 0x09, 0x15, 0x26, 0x2A,
	0x02, 0x06, 0x27, 0x19, 0x18, 0x03, 0x26, 0x02, 0x0A, 0x09, 0x03, 0x93, 0x01, 0x0D, 0x46, 0x76,
	0x2F, 0x37, 0x18, 0x00, 0x3F, 0xB9, 0x00, 0x1E, 0x01, 0x0D, 0x3F, 0x01, 0x2F, 0x3C, 0xFD, 0x17,
	0x3C, 0x2F, 0xFD, 0x10, 0xD6, 0x10, 0xD6, 0x00, 0x87, 0x2E, 0x0E, 0xC4, 0x0E, 0xFC, 0x0E, 0xC4,
	0x00, 0x2E, 0x01, 0x2E, 0x31, 0x30, 0xB2, 0x2C, 0x0D, 0x05, 0x2B, 0x37, 0x0E, 0x01, 0x23, 0x22,
	0x26, 0x35, 0x34, 0x36, 0x35, 0x11, 0x34, 0x26, 0x35, 0x34, 0x3E, 0x01, 0x33, 0x32, 0x1E, 0x01,
	0x15, 0x14, 0x06, 0x15, 0x17, 0x37, 0x36, 0x37, 0x36, 0x33, 0x32, 0x16, 0x15, 0x14, 0x0E, 0x01,
	0x0F, 0x01, 0x15, 0x14, 0x16, 0x15, 0x14, 0xAE, 0x09, 0x26, 0x17, 0x24, 0x22, 0x04, 0x10, 0x0A,
	0x30, 0x1B, 0x19, 0x1F, 0x07, 0x10, 0x02, 0x56, 0x0F, 0x10, 0x13, 0x17, 0x22, 0x3C, 0x05, 0x4A,
	0x0B, 0xA3, 0x19, 0x0C, 0x13, 0x14, 0x26, 0x18, 0x08, 0x2B, 0x04, 0x01, 0x76, 0x09, 0x1A, 0x07,
	0x07, 0x12, 0x0E, 0x0B, 0x1A, 0x06, 0x0A, 0x0C, 0x06, 0x24, 0x5B, 0x11, 0x12, 0x12, 0x21, 0x1D,
	0x06, 0x19, 0x12, 0x0D, 0xBC, 0x98, 0x15, 0x36, 0x04, 0x0C, 0x00, 0x01, 0x00, 0x03, 0xFF, 0xDC,
	0x01, 0x62, 0x02, 0x34, 0x00, 0x37, 0x00, 0x3E, 0x40, 0x1C, 0x06, 0x09, 0xCA, 0x38, 0x30, 0x22,
	0x1D, 0x10, 0x22, 0x03, 0x2E, 0x33, 0x2B, 0x02, 0x23, 0x13, 0x02, 0x00, 0x33, 0x02, 0x1A, 0x1D,
	0xEC, 0x03, 0x4D, 0x01, 0x06, 0x46, 0x76, 0x2F, 0x37, 0x18, 0x00, 0x3F, 0x3F, 0x01, 0x2F, 0xFD,
	0x2F, 0xFD, 0x2F, 0xFD, 0x10, 0xD6, 0x00, 0x10, 0xFD, 0x10, 0xFD, 0x10, 0xFD, 0x01, 0x2E, 0x31,
	0x30, 0xB2, 0x38, 0x06, 0x05, 0x2B, 0x25, 0x14, 0x06, 0x23, 0x22, 0x26, 0x37, 0x3E, 0x01, 0x33,
	0x32, 0x1E, 0x01, 0x17, 0x1E, 0x01, 0x33, 0x32, 0x36, 0x35, 0x34, 0x35, 0x26, 0x27, 0x2E, 0x01,
	0x35, 0x34, 0x36, 0x33, 0x32, 0x16, 0x07, 0x1E, 0x01, 0x15, 0x14, 0x0E, 0x01, 0x23, 0x22, 0x2E,
	0x01, 0x35, 0x34, 0x36, 0x37, 0x34, 0x23, 0x22, 0x06, 0x15, 0x14, 0x1E, 0x02, 0x01, 0x62, 0x63,
	0x45, 0x3F, 0x78, 0x07, 0x05, 0x2A, 0x17, 0x18, 0x24, 0x04, 0x0A, 0x08, 0x12, 0x0C, 0x0C, 0x17,
	0x03, 0x01, 0x4F, 0x66, 0x57, 0x45, 0x45, 0x43, 0x04, 0x05, 0x07, 0x0B, 0x21, 0x17, 0x10, 0x1E,
	0x15, 0x02, 0x01, 0x13, 0x0D, 0x10, 0x12, 0x20, 0x8D, 0x86, 0x45, 0x65, 0x9A, 0x16, 0x0B, 0x0E,
	0x14, 0x29, 0x08, 0x0B, 0x15, 0x24, 0x18, 0x08, 0x08, 0x09, 0x03, 0x35, 0x64, 0x47, 0x4C, 0x70,
	0x60, 0x2C, 0x05, 0x1A, 0x0A, 0x0D, 0x1A, 0x20, 0x15, 0x25, 0x14, 0x0C, 0x19, 0x0C, 0x19, 0x22,
	0x18, 0x1A, 0x30, 0x1D, 0x4D, 0x00, 0x00, 0x01, 0xFF, 0xE5, 0xFF, 0xD5, 0x01, 0x81, 0x02, 0xC5,
	0x00, 0x3B, 0x00, 0x54, 0x40, 0x1F, 0x00, 0x32, 0x28, 0x0B, 0x35, 0x9E, 0x24, 0x27, 0x1C, 0x18,
	0x08, 0x02, 0x27, 0x12, 0x18, 0x2F, 0x27, 0x39, 0x38, 0x28, 0x03, 0x27, 0x02, 0x19, 0x0B, 0x18,
	0x03, 0xA1, 0x01, 0x12, 0x46, 0x76, 0x2F, 0x37, 0x18, 0x00, 0x3F, 0xB9, 0x00, 0x20, 0x01, 0x10,
	0x3F, 0x01, 0x2F, 0x3C, 0x3C, 0xFD, 0x17, 0x3C, 0x10, 0xDD, 0x10, 0xDD, 0x31, 0x10, 0xFD, 0x10,
	0xD6, 0x10, 0xD6, 0x00, 0xB9, 0x00, 0x2B, 0x01, 0x0D, 0x3F, 0xFD, 0x00, 0x2E, 0x2E, 0x2E, 0x01,
	0x2E, 0x31, 0x30, 0xB2, 0x3C, 0x12, 0x05, 0x2B, 0x25, 0x0E, 0x01, 0x23, 0x22, 0x2E, 0x02, 0x35,
	0x34, 0x36, 0x37, 0x0E, 0x01, 0x23, 0x22, 0x2E, 0x01, 0x35, 0x34, 0x3E, 0x03, 0x37, 0x35, 0x34,
	0x26, 0x35, 0x34, 0x3E, 0x01, 0x33, 0x32, 0x1E, 0x01, 0x15, 0x14, 0x06, 0x1D, 0x01, 0x3E, 0x01,
	0x33, 0x32, 0x1E, 0x01, 0x15, 0x14, 0x06, 0x23, 0x22, 0x26, 0x23, 0x22, 0x0F, 0x01, 0x11, 0x14,
	0x16, 0x01, 0x17, 0x06, 0x2F, 0x1D, 0x19, 0x25, 0x10, 0x02, 0x02, 0x01, 0x09, 0x1A, 0x0D, 0x0A,
	0x35, 0x24, 0x0A, 0x30, 0x13, 0x18, 0x30, 0x0A, 0x11, 0x25, 0x14, 0x17, 0x27, 0x12, 0x18, 0x13,
	0x26, 0x0C, 0x07, 0x22, 0x21, 0x21, 0x08, 0x07, 0x26, 0x08, 0x06, 0x06, 0x25, 0x29, 0x06, 0x17,
	0x1A, 0x16, 0x25, 0x5A, 0x1D, 0x43, 0x87, 0x41, 0x03, 0x16, 0x12, 0x14, 0x11, 0x05, 0x17, 0x07,
	0x08, 0x0B, 0x1B, 0x57, 0x0C, 0x23, 0x05, 0x08, 0x1C, 0x15, 0x16, 0x22, 0x0C, 0x0B, 0x1A, 0x0B,
	0x31, 0x08, 0x20, 0x0A, 0x2B, 0x19, 0x21, 0x13, 0x0D, 0x03, 0x13, 0xFE, 0xAA, 0x13, 0x3C, 0x00,
	0x00, 0x01, 0x00, 0x24, 0xFF, 0xDA, 0x01, 0x94, 0x02, 0x3B, 0x00, 0x2A, 0x00, 0x43, 0x40, 0x16,
	0x0B, 0x25, 0x05, 0x28, 0x00, 0x22, 0x1F, 0x14, 0x02, 0x0D, 0x1F, 0x02, 0x01, 0x00, 0x19, 0x02,
	0x08, 0x05, 0x83, 0x01, 0x08, 0x46, 0x76, 0x2F, 0x37, 0x18, 0x00, 0x3F, 0xB9, 0x00, 0x10, 0x01,
	0x05, 0x3F, 0x01, 0x2F, 0xFD, 0x2F, 0x3C, 0xFD, 0x2F, 0xFD, 0x10, 0xD6, 0x10, 0xD6, 0x00, 0x10,
	0xB9, 0x00, 0x1C, 0x01, 0x12, 0xFD, 0x00, 0x2E, 0x01, 0x2E, 0x31, 0x30, 0xB2, 0x2B, 0x08, 0x05,
	0x2B, 0x01, 0x15, 0x14, 0x0E, 0x01, 0x23, 0x22, 0x26, 0x35, 0x34, 0x36, 0x37, 0x26, 0x35, 0x34,
	0x36, 0x33, 0x32, 0x1E, 0x01, 0x15, 0x14, 0x06, 0x17, 0x06, 0x15, 0x14, 0x16, 0x33, 0x32, 0x36,
	0x35, 0x34, 0x26, 0x27, 0x34, 0x36, 0x33, 0x32, 0x16, 0x17, 0x16, 0x06, 0x01, 0x80, 0x15, 0x4E,
	0x4B, 0x62, 0x4C, 0x05, 0x07, 0x07, 0x24, 0x1F, 0x19, 0x2A, 0x08, 0x17, 0x02, 0x0A, 0x18, 0x1A,
	0x2A, 0x14, 0x04, 0x02, 0x1D, 0x12, 0x20, 0x3D, 0x04, 0x02, 0x13, 0x01, 0xA6, 0x41, 0x71, 0xA0,
	0x7A, 0xB8, 0x8D, 0x36, 0x45, 0x36, 0x19, 0x10, 0x1E, 0x24, 0x14, 0x17, 0x07, 0x0E, 0x38, 0x11,
	0x3A, 0x52, 0x59, 0x79, 0xD9, 0x97, 0x0E, 0x18, 0x12, 0x19, 0x0F, 0x20, 0x1C, 0x10, 0x2A, 0x00,
	0x00, 0x01, 0xFF, 0xE4, 0xFF, 0xDC, 0x01, 0xCF, 0x02, 0x37, 0x00, 0x21, 0x00, 0x25, 0x40, 0x0A,
	0x1C, 0x0D, 0x07, 0x06, 0x10, 0x22, 0x19, 0xEE, 0x03, 0x4D, 0x00, 0x3F, 0x3F, 0x00, 0x10, 0xB9,
	0x00, 0x14, 0x01, 0x13, 0xFD, 0x00, 0x2E, 0x01, 0x2E, 0x2E, 0x2E, 0x2E, 0x31, 0x30, 0xB2, 0x22,
	0x0D, 0x05, 0x2B, 0x25, 0x0E, 0x01, 0x23, 0x22, 0x26, 0x3D, 0x01, 0x34, 0x27, 0x03, 0x2E, 0x01,
	0x37, 0x3E, 0x01, 0x33, 0x32, 0x1E, 0x01, 0x17, 0x13, 0x3E, 0x02, 0x33, 0x32, 0x16, 0x15, 0x14,
	0x06, 0x07, 0x0E, 0x01, 0x01, 0x31, 0x0D, 0x2D, 0x31, 0x31, 0x1A, 0x03, 0x66, 0x03, 0x2B, 0x04,
	0x05, 0x2A, 0x1A, 0x0C, 0x32, 0x45, 0x20, 0x68, 0x07, 0x0F, 0x22, 0x18, 0x2D, 0x16, 0x1F, 0x0E,
	0x21, 0x3A, 0x5E, 0x42, 0x40, 0x1E, 0x20, 0x12, 0x0E, 0x0E, 0x01, 0x6E, 0x0D, 0x2F, 0x12, 0x16,
	0x17, 0x0B, 0xFA, 0x78, 0x01, 0x40, 0x17, 0x1A, 0x12, 0x29, 0x0F, 0x14, 0x36, 0x19, 0x5F, 0xA6,
	0x00, 0x01, 0xFF, 0xE8, 0xFF, 0xDA, 0x02, 0xD7, 0x02, 0x3D, 0x00, 0x4D, 0x00, 0x88, 0x40, 0x33,
	0x29, 0x21, 0x0F, 0x17, 0x16, 0x02, 0x07, 0x08, 0x08, 0x07, 0x49, 0x4A, 0x02, 0x26, 0x25, 0x25,
	0x26, 0x26, 0x27, 0x02, 0x38, 0x37, 0x37, 0x38, 0x26, 0x58, 0x4E, 0x18, 0x1A, 0x13, 0x1D, 0x13,
	0x49, 0x47, 0x46, 0x02, 0x3E, 0x3B, 0x2C, 0x02, 0x34, 0x16, 0x13, 0x02, 0x0B, 0x42, 0x03, 0x83,
	0x01, 0x0B, 0x46, 0x76, 0x2F, 0x37, 0x18, 0x00, 0x3F, 0x3C, 0xB9, 0x00, 0x30, 0x01, 0x16, 0x3F,
	0x01, 0x2F, 0xFD, 0x3C, 0x2F, 0xFD, 0x2F, 0x3C, 0xFD, 0x3C, 0x3C, 0x10, 0xD6, 0x10, 0xD6, 0x3C,
	0x00, 0x10, 0xFD, 0x87, 0x2E, 0x0E, 0xC4, 0x0E, 0xFC, 0xB9, 0x0F, 0x85, 0xC1, 0xE9, 0x0B, 0xC4,
	0x87, 0x2E, 0xB9, 0xEB, 0xC3, 0xC3, 0x48, 0x0B, 0xC4, 0x0E, 0xFC, 0x0E, 0xC4, 0x87, 0x2E, 0x0E,
	0xC4, 0x0E, 0xFC, 0xB9, 0xEB, 0x52, 0xC3, 0x6F, 0x0B, 0xC4, 0x00, 0x2E, 0x2E, 0x01, 0x2E, 0x31,
	0x30, 0xB2, 0x4E, 0x0B, 0x05, 0x2B, 0x37, 0x0E, 0x01, 0x23, 0x22, 0x2E, 0x01, 0x27, 0x03, 0x2E,
	0x01, 0x35, 0x34, 0x3E, 0x01, 0x33, 0x32, 0x1E, 0x01, 0x15, 0x1C, 0x01, 0x1F, 0x01, 0x37, 0x36,
	0x35, 0x34, 0x26, 0x35, 0x34, 0x3E, 0x01, 0x33, 0x32, 0x1E, 0x01, 0x1F, 0x01, 0x13, 0x36, 0x35,
	0x34, 0x26, 0x35, 0x34, 0x3E, 0x01, 0x33, 0x32, 0x1E, 0x01, 0x15, 0x14, 0x06, 0x07, 0x03, 0x0E,
	0x01, 0x15, 0x14, 0x16, 0x15, 0x14, 0x0E, 0x01, 0x23, 0x22, 0x2E, 0x01, 0x3D, 0x01, 0x34, 0x2F,
	0x01, 0x07, 0x0E, 0x01, 0xFE, 0x10, 0x33, 0x1A, 0x13, 0x23, 0x09, 0x04, 0x58, 0x04, 0x1A, 0x09,
	0x2B, 0x19, 0x23, 0x15, 0x07, 0x02, 0x3C, 0x54, 0x02, 0x05, 0x09, 0x25, 0x16, 0x22, 0x31, 0x05,
	0x03, 0x3C, 0x60, 0x02, 0x06, 0x0B, 0x2D, 0x1B, 0x1C, 0x26, 0x08, 0x2B, 0x02, 0x6E, 0x03, 0x02,
	0x02, 0x09, 0x2A, 0x20, 0x30, 0x29, 0x07, 0x02, 0x3C, 0x3A, 0x03, 0x04, 0x18, 0x1B, 0x23, 0x16,
	0x37, 0x1B, 0x01, 0x56, 0x0F, 0x3E, 0x12, 0x0D, 0x1A, 0x0E, 0x12, 0x17, 0x0F, 0x0E, 0x14, 0x0A,
	0xF0, 0xF6, 0x05, 0x0A, 0x07, 0x17, 0x04, 0x05, 0x17, 0x10, 0x23, 0x3F, 0x1F, 0xF0, 0x01, 0x20,
	0x0A, 0x04, 0x07, 0x1A, 0x07, 0x0A, 0x15, 0x0E, 0x0D, 0x16, 0x07, 0x0E, 0x3E, 0x05, 0xFE, 0xB4,
	0x09, 0x1C, 0x02, 0x07, 0x1C, 0x07, 0x13, 0x1A, 0x1D, 0x30, 0x14, 0x0C, 0x15, 0x0D, 0x07, 0xDE,
	0xC8, 0x0A, 0x39, 0x00, 0x00, 0x01, 0xFF, 0xFB, 0xFF, 0xDA, 0x01, 0xA0, 0x02, 0x3E, 0x00, 0x31,
	0x00, 0x5F, 0x40, 0x20, 0x28, 0x20, 0x0F, 0x07, 0x12, 0x00, 0x31, 0x02, 0x0A, 0x0B, 0x0B, 0x0A,
	0x30, 0x31, 0x02, 0x25, 0x24, 0x24, 0x25, 0x18, 0x19, 0x02, 0x24, 0x23, 0x23, 0x24, 0x32, 0x04,
	0xC3, 0x32, 0x2C, 0x83, 0x00, 0x3F, 0xB9, 0x00, 0x1D, 0x01, 0x18, 0x3F, 0x00, 0x10, 0xFD, 0x10,
	0xB9, 0x00, 0x31, 0x01, 0x17, 0xFD, 0x87, 0x2E, 0xB9, 0xE2, 0xA6, 0x38, 0xDF, 0x0B, 0xC4, 0x0E,
	0xFC, 0x0E, 0xC4, 0x87, 0x2E, 0x0E, 0xC4, 0x0E, 0xFC, 0x0E, 0xC4, 0x87, 0x2E, 0x0E, 0xC4, 0x0E,
	0xFC, 0x0E, 0xC4, 0x00, 0x2E, 0x01, 0x2E, 0x2E, 0x2E, 0x2E, 0x31, 0x30, 0xB2, 0x32, 0x07, 0x05,
	0x2B, 0x37, 0x0E, 0x02, 0x23, 0x22, 0x26, 0x37, 0x3E, 0x01, 0x3F, 0x01, 0x27, 0x2E, 0x01, 0x35,
	0x34, 0x36, 0x33, 0x32, 0x16, 0x17, 0x16, 0x1F, 0x01, 0x37, 0x3E, 0x02, 0x33, 0x32, 0x16, 0x17,
	0x16, 0x06, 0x0F, 0x01, 0x17, 0x1E, 0x01, 0x15, 0x14, 0x0E, 0x01, 0x23, 0x22, 0x2E, 0x01, 0x2F,
	0x01, 0x7E, 0x08, 0x0A, 0x16, 0x05, 0x1D, 0x39, 0x05, 0x02, 0x18, 0x02, 0x58, 0x3E, 0x03, 0x23,
	0x38, 0x20, 0x11, 0x21, 0x06, 0x04, 0x04, 0x1E, 0x42, 0x09, 0x15, 0x1D, 0x0F, 0x1B, 0x2F, 0x02,
	0x02, 0x23, 0x15, 0x72, 0x60, 0x0A, 0x17, 0x0C, 0x22, 0x14, 0x13, 0x2B, 0x05, 0x02, 0x36, 0x30,
	0x18, 0x1D, 0x07, 0x2C, 0x1C, 0x0C, 0x1B, 0x03, 0xA0, 0xC2, 0x0A, 0x1D, 0x10, 0x16, 0x1F, 0x14,
	0x15, 0x16, 0x15, 0x5E, 0x76, 0x13, 0x27, 0x0C, 0x1A, 0x12, 0x0E, 0x1E, 0x12, 0xC6, 0xBA, 0x10,
	0x21, 0x0D, 0x07, 0x20, 0x15, 0x13, 0x23, 0x12, 0x86, 0x00, 0x00, 0x01, 0xFF, 0xF8, 0xFF, 0x42,
	0x01, 0xD7, 0x02, 0x3B, 0x00, 0x2C, 0x00, 0x39, 0x40, 0x0F, 0x20, 0x0E, 0x0A, 0x18, 0x18, 0x28,
	0x06, 0x2A, 0x28, 0x02, 0x06, 0x1D, 0x01, 0x0E, 0x46, 0x76, 0x2F, 0x37, 0x18, 0x00, 0xB9, 0x00,
	0x02, 0x01, 0x1A, 0x3F, 0xB9, 0x00, 0x12, 0x01, 0x05, 0x3F, 0x3C, 0x01, 0x2F, 0xFD, 0x3C, 0x00,
	0x01, 0x11, 0x12, 0x39, 0x00, 0x2E, 0x01, 0x2E, 0x2E, 0x2E, 0x31, 0x30, 0xB2, 0x2D, 0x0E, 0x05,
	0x2B, 0x17, 0x06, 0x23, 0x22, 0x2E, 0x01, 0x35, 0x34, 0x36, 0x3F, 0x01, 0x03, 0x2E, 0x01, 0x35,
	0x34, 0x3E, 0x01, 0x33, 0x32, 0x1E, 0x02, 0x1F, 0x01, 0x13, 0x34, 0x3E, 0x01, 0x33, 0x32, 0x16,
	0x17, 0x16, 0x0E, 0x05, 0x15, 0x16, 0x15, 0x14, 0x06, 0xF6, 0x10, 0x21, 0x17, 0x2B, 0x0B, 0x10,
	0x02, 0x18, 0x90, 0x02, 0x18, 0x07, 0x29, 0x18, 0x0F, 0x1F, 0x26, 0x03, 0x05, 0x42, 0x66, 0x0E,
	0x1B, 0x0D, 0x1C, 0x3A, 0x04, 0x03, 0x24, 0x30, 0x36, 0x30, 0x1A, 0x06, 0x01, 0x02, 0xA8, 0x16,
	0x19, 0x1E, 0x08, 0x09, 0x18, 0x0A, 0x7E, 0x01, 0x9E, 0x07, 0x2D, 0x0D, 0x03, 0x1D, 0x12, 0x07,
	0x17, 0x5A, 0x0F, 0xD0, 0x01, 0x02, 0x01, 0x43, 0x10, 0x2B, 0x1D, 0x15, 0x3D, 0x73, 0x84, 0x80,
	0x65, 0x2E, 0x0C, 0x11, 0x07, 0x09, 0x0A, 0x00, 0x00, 0x01, 0x00, 0x0B, 0xFF, 0xD8, 0x01, 0xDC,
	0x02, 0x37, 0x00, 0x33, 0x00, 0x74, 0x40, 0x26, 0x2C, 0x1F, 0x11, 0x06, 0x24, 0x23, 0x02, 0x0A,
	0x0B, 0x0B, 0x0A, 0x0C, 0x0B, 0x02, 0x17, 0x18, 0x18, 0x17, 0x24, 0x25, 0x02, 0x00, 0x33, 0x33,
	0x00, 0x24, 0xE1, 0x34, 0x2F, 0xE2, 0x34, 0x15, 0x70, 0x33, 0x32, 0x1B, 0xEE, 0x5D, 0x00, 0xB9,
	0x00, 0x03, 0x01, 0x1E, 0x3F, 0x76, 0x3F, 0x18, 0x00, 0x2F, 0x3C, 0xB9, 0x00, 0x28, 0x01, 0x1B,
	0xFD, 0x3F, 0xB9, 0x00, 0x0E, 0x01, 0x1C, 0xFD, 0x10, 0xFD, 0x10, 0xFD, 0x87, 0x2E, 0x0E, 0xC4,
	0x0E, 0xFC, 0xB9, 0xD9, 0xFD, 0xCC, 0x82, 0x0B, 0xC4, 0x87, 0x2E, 0x0E, 0xC4, 0xB9, 0x25, 0x7C,
	0x33, 0xE0, 0x0B, 0xFC, 0x0E, 0xC4, 0x87, 0x2E, 0x0E, 0xC4, 0x0E, 0xFC, 0x0E, 0xC4, 0x01, 0x2E,
	0x2E, 0x2E, 0x2E, 0x31, 0x30, 0xB2, 0x34, 0x06, 0x05, 0x2B, 0x17, 0x0E, 0x01, 0x23, 0x22, 0x26,
	0x35, 0x34, 0x3E, 0x01, 0x37, 0x13, 0x07, 0x06, 0x07, 0x22, 0x26, 0x35, 0x34, 0x3E, 0x01, 0x33,
	0x16, 0x17, 0x37, 0x3E, 0x01, 0x33, 0x32, 0x1E, 0x01, 0x07, 0x06, 0x07, 0x06, 0x07, 0x03, 0x37,
	0x3E, 0x01, 0x33, 0x32, 0x1E, 0x01, 0x15, 0x14, 0x06, 0x23, 0x22, 0x26, 0x2B, 0x01, 0xB0, 0x07,
	0x34, 0x0D, 0x24, 0x39, 0x05, 0x2A, 0x02, 0xE0, 0x6C, 0x16, 0x16, 0x09, 0x42, 0x1A, 0x11, 0x0B,
	0x1F, 0x20, 0x9C, 0x0D, 0x2E, 0x07, 0x09, 0x1E, 0x29, 0x04, 0x02, 0x0D, 0x17, 0x16, 0xDC, 0x96,
	0x0B, 0x29, 0x08, 0x08, 0x1D, 0x20, 0x1C, 0x15, 0x07, 0x22, 0x0A, 0x09, 0x10, 0x01, 0x17, 0x31,
	0x21, 0x08, 0x1C, 0x25, 0x03, 0x01, 0x36, 0x0E, 0x05, 0x05, 0x1E, 0x2C, 0x18, 0x1E, 0x07, 0x03,
	0x02, 0x12, 0x01, 0x0E, 0x07, 0x3C, 0x1A, 0x12, 0x0E, 0x15, 0x15, 0xFE, 0xD6, 0x18, 0x01, 0x12,
	0x07, 0x2E, 0x1B, 0x18, 0x1F, 0x04, 0x00, 0x03, 0x00, 0x12, 0x00, 0x7B, 0x01, 0x0D, 0x02, 0xF5,
	0x00, 0x0C, 0x00, 0x19, 0x00, 0x46, 0x00, 0x62, 0x40, 0x1C, 0x23, 0x35, 0x64, 0x23, 0x00, 0x14,
	0x1D, 0x46, 0x45, 0x0A, 0x0A, 0x02, 0x03, 0x10, 0x02, 0x17, 0x30, 0x02, 0x29, 0x33, 0x02, 0x29,
	0x38, 0x02, 0x20, 0x01, 0x20, 0x46, 0x76, 0x2F, 0x37, 0x18, 0x00, 0xB9, 0x00, 0x00, 0x01, 0x26,
	0x3F, 0xB9, 0x00, 0x14, 0x01, 0x25, 0x3F, 0x01, 0x2F, 0xFD, 0x2F, 0xFD, 0x10, 0xFD, 0x2F, 0xFD,
	0x2F, 0xFD, 0x10, 0xD6, 0x00, 0x3F, 0xB9, 0x00, 0x3B, 0x01, 0x21, 0xFD, 0x10, 0xB9, 0x00, 0x0D,
	0x01, 0x22, 0xFD, 0x10, 0xB9, 0x00, 0x07, 0x01, 0x22, 0xFD, 0x2F, 0xFD, 0x10, 0xB9, 0x00, 0x2D,
	0x01, 0x23, 0xFD, 0x31, 0x30, 0xB2, 0x47, 0x20, 0x05, 0x2B, 0x37, 0x06, 0x26, 0x35, 0x34, 0x3E,
	0x01, 0x33, 0x32, 0x16, 0x15, 0x14, 0x06, 0x03, 0x06, 0x26, 0x35, 0x34, 0x3E, 0x01, 0x33, 0x32,
	0x16, 0x15, 0x14, 0x06, 0x13, 0x0E, 0x01, 0x23, 0x22, 0x26, 0x35, 0x34, 0x36, 0x33, 0x32, 0x16,
	0x17, 0x1E, 0x01, 0x15, 0x14, 0x0E, 0x01, 0x23, 0x22, 0x26, 0x35, 0x34, 0x36, 0x37, 0x34, 0x23,
	0x22, 0x06, 0x15, 0x14, 0x16, 0x33, 0x32, 0x37, 0x3E, 0x03, 0x33, 0x32, 0x16, 0x15, 0x14, 0x91,
	0x0C, 0x3A, 0x1A, 0x16, 0x07, 0x15, 0x32, 0x21, 0x07, 0x0C, 0x3A, 0x1A, 0x16, 0x07, 0x15, 0x32,
	0x21, 0x38, 0x0D, 0x2B, 0x32, 0x39, 0x3B, 0x3D, 0x33, 0x3A, 0x25, 0x07, 0x06, 0x0A, 0x0D, 0x18,
	0x11, 0x1F, 0x13, 0x02, 0x01, 0x09, 0x0B, 0x0E, 0x0F, 0x0E, 0x0A, 0x08, 0x09, 0x07, 0x09, 0x18,
	0x0D, 0x16, 0x19, 0x7F, 0x04, 0x1C, 0x11, 0x12, 0x18, 0x07, 0x1E, 0x0D, 0x0E, 0x1A, 0x02, 0x15,
	0x04, 0x1C, 0x11, 0x12, 0x18, 0x07, 0x1E, 0x0D, 0x0E, 0x1A, 0xFE, 0x86, 0x17, 0x1D, 0x70, 0x4F,
	0x55, 0x82, 0x2B, 0x33, 0x0E, 0x22, 0x0C, 0x0D, 0x13, 0x09, 0x13, 0x0C, 0x09, 0x12, 0x09, 0x0E,
	0x42, 0x2C, 0x29, 0x3B, 0x09, 0x0D, 0x09, 0x14, 0x09, 0x1F, 0x17, 0x11, 0x00, 0x02, 0x00, 0x0F,
	0x02, 0x30, 0x01, 0x73, 0x03, 0x19, 0x00, 0x12, 0x00, 0x25, 0x00, 0x24, 0x40, 0x06, 0x1C, 0x15,
	0x09, 0x02, 0x06, 0x23, 0x00, 0xB9, 0x00, 0x10, 0x01, 0x28, 0x3F, 0x3C, 0xB9, 0x00, 0x19, 0x01,
	0x27, 0x3F, 0x3C, 0x00, 0x01, 0x2E, 0x2E, 0x2E, 0x2E, 0x31, 0x30, 0xB2, 0x26, 0x15, 0x05, 0x2B,
	0x13, 0x26, 0x35, 0x34, 0x3E, 0x01, 0x33, 0x32, 0x16, 0x15, 0x14, 0x0E, 0x04, 0x23, 0x22, 0x26,
	0x27, 0x26, 0x35, 0x34, 0x3E, 0x01, 0x33, 0x32, 0x16, 0x15, 0x14, 0x0E, 0x04, 0x23, 0x22, 0x26,
	0xBA, 0x0B, 0x54, 0x2F, 0x12, 0x17, 0x18, 0x06, 0x40, 0x15, 0x0A, 0x17, 0x0D, 0x0D, 0x17, 0xAC,
	0x0B, 0x54, 0x2F, 0x12, 0x17, 0x18, 0x06, 0x40, 0x15, 0x0A, 0x17, 0x0D, 0x0D, 0x17, 0x02, 0x4C,
	0x0C, 0x16, 0x29, 0x6F, 0x11, 0x14, 0x12, 0x07, 0x10, 0x2F, 0x19, 0x49, 0x19, 0x0E, 0x10, 0x0C,
	0x16, 0x29, 0x6F, 0x11, 0x14, 0x12, 0x07, 0x10, 0x2F, 0x19, 0x49, 0x19, 0x0E, 0x00, 0x00, 0x02,
	0x00, 0x17, 0x02, 0x25, 0x01, 0x7B, 0x03, 0x0E, 0x00, 0x12, 0x00, 0x25, 0x00, 0x24, 0x40, 0x06,
	0x1C, 0x15, 0x09, 0x02, 0x23, 0x06, 0x00, 0xB9, 0x00, 0x19, 0x01, 0x2A, 0x3F, 0x3C, 0xB9, 0x00,
	0x10, 0x01, 0x29, 0x3F, 0x3C, 0x00, 0x01, 0x2E, 0x2E, 0x2E, 0x2E, 0x31, 0x30, 0xB2, 0x26, 0x09,
	0x05, 0x2B, 0x13, 0x16, 0x15, 0x14, 0x0E, 0x01, 0x23, 0x22, 0x26, 0x35, 0x34, 0x3E, 0x04, 0x33,
	0x32, 0x16, 0x17, 0x16, 0x15, 0x14, 0x0E, 0x01, 0x23, 0x22, 0x26, 0x35, 0x34, 0x3E, 0x04, 0x33,
	0x32, 0x16, 0xD0, 0x0B, 0x54, 0x2F, 0x12, 0x17, 0x18, 0x06, 0x40, 0x15, 0x0A, 0x17, 0x0D, 0x0D,
	0x17, 0xAC, 0x0B, 0x54, 0x2F, 0x12, 0x17, 0x18, 0x06, 0x40, 0x15, 0x0A, 0x17, 0x0D, 0x0D, 0x17,
	0x02, 0xF2, 0x0C, 0x16, 0x29, 0x6F, 0x11, 0x14, 0x12, 0x07, 0x10, 0x2F, 0x19, 0x49, 0x19, 0x0E,
	0x10, 0x0C, 0x16, 0x29, 0x6F, 0x11, 0x14, 0x12, 0x07, 0x10, 0x2F, 0x19, 0x49, 0x19, 0x0E, 0x00,
	0x00, 0x01, 0x00, 0x0F, 0x02, 0x32, 0x00, 0xD3, 0x03, 0x19, 0x00, 0x12, 0x00, 0x1C, 0x40, 0x02,
	0x09, 0x02, 0x00, 0xB9, 0x00, 0x10, 0x01, 0x2B, 0x3F, 0xB9, 0x00, 0x06, 0x01, 0x27, 0x3F, 0x00,
	0x01, 0x2E, 0x2E, 0x31, 0x30, 0xB2, 0x13, 0x02, 0x05, 0x2B, 0x13, 0x26, 0x35, 0x34, 0x3E, 0x01,
	0x33, 0x32, 0x16, 0x15, 0x14, 0x0E, 0x04, 0x23, 0x22, 0x26, 0x1A, 0x0B, 0x54, 0x2F, 0x12, 0x17,
	0x18, 0x06, 0x40, 0x15, 0x0A, 0x17, 0x0D, 0x0D, 0x17, 0x02, 0x4E, 0x0C, 0x16, 0x29, 0x6F, 0x11,
	0x14, 0x12, 0x07, 0x10, 0x2F, 0x19, 0x49, 0x19, 0x0E, 0x00, 0x00, 0x01, 0x00, 0x17, 0x02, 0x27,
	0x00, 0xDB, 0x03, 0x0E, 0x00, 0x12, 0x00, 0x1C, 0x40, 0x02, 0x09, 0x02, 0x00, 0xB9, 0x00, 0x06,
	0x01, 0x2C, 0x3F, 0xB9, 0x00, 0x10, 0x01, 0x29, 0x3F, 0x00, 0x01, 0x2E, 0x2E, 0x31, 0x30, 0xB2,
	0x13, 0x09, 0x05, 0x2B, 0x13, 0x16, 0x15, 0x14, 0x0E, 0x01, 0x23, 0x22, 0x26, 0x35, 0x34, 0x3E,
	0x04, 0x33, 0x32, 0x16, 0xD0, 0x0B, 0x54, 0x2F, 0x12, 0x17, 0x18, 0x06, 0x40, 0x15, 0x0A, 0x17,
	0x0D, 0x0D, 0x17, 0x02, 0xF2, 0x0C, 0x16, 0x29, 0x6F, 0x11, 0x14, 0x12, 0x07, 0x10, 0x2F, 0x19,
	0x49, 0x19, 0x0E, 0x00, 0x00, 0x00, 0x00, 0x00, 0x00, 0x00, 0x00, 0x6E, 0x00, 0x00, 0x00, 0x6E,
	0x00, 0x00, 0x00, 0x6E, 0x00, 0x00, 0x00, 0x6E, 0x00, 0x00, 0x01, 0x40, 0x00, 0x00, 0x02, 0x0C,
	0x00, 0x00, 0x04, 0x06, 0x00, 0x00, 0x05, 0x3C, 0x00, 0x00, 0x06, 0x96, 0x00, 0x00, 0x07, 0xC2,
	0x00, 0x00, 0x08, 0x3A, 0x00, 0x00, 0x08, 0xBC, 0x00, 0x00, 0x09, 0x40, 0x00, 0x00, 0x0A, 0x68,
	0x00, 0x00, 0x0B, 0x60, 0x00, 0x00, 0x0B, 0xBC, 0x00, 0x00, 0x0C, 0x3C, 0x00, 0x00, 0x0C, 0xAA,
	0x00, 0x00, 0x0D, 0x18, 0x00, 0x00, 0x0D, 0x98, 0x00, 0x00, 0x0E, 0x24, 0x00, 0x00, 0x0E, 0xF6,
	0x00, 0x00, 0x0F, 0xDC, 0x00, 0x00, 0x10, 0xF4, 0x00, 0x00, 0x11, 0xF4, 0x00, 0x00, 0x12, 0xD4,
	0x00, 0x00, 0x13, 0x70, 0x00, 0x00, 0x14, 0x5C, 0x00, 0x00, 0x15, 0x44, 0x00, 0x00, 0x16, 0x06,
	0x00, 0x00, 0x16, 0xBE, 0x00, 0x00, 0x18, 0x72, 0x00, 0x00, 0x19, 0x58, 0x00, 0x00, 0x1B, 0x58,
	0x00, 0x00, 0x1C, 0x66, 0x00, 0x00, 0x1D, 0x9A, 0x00, 0x00, 0x1E, 0xD2, 0x00, 0x00, 0x1F, 0xE2,
	0x00, 0x00, 0x20, 0xB6, 0x00, 0x00, 0x21, 0x84, 0x00, 0x00, 0x22, 0xC4, 0x00, 0x00, 0x23, 0xC6,
	0x00, 0x00, 0x24, 0xB2, 0x00, 0x00, 0x26, 0x06, 0x00, 0x00, 0x26, 0xA6, 0x00, 0x00, 0x27, 0x56,
	0x00, 0x00, 0x28, 0x40, 0x00, 0x00, 0x28, 0xEC, 0x00, 0x00, 0x2A, 0x42, 0x00, 0x00, 0x2B, 0x50,
	0x00, 0x00, 0x2B, 0xF6, 0x00, 0x00, 0x2C, 0xF6, 0x00, 0x00, 0x2E, 0x02, 0x00, 0x00, 0x2F, 0x0A,
	0x00, 0x00, 0x2F, 0xF0, 0x00, 0x00, 0x30, 0xB4, 0x00, 0x00, 0x31, 0x80, 0x00, 0x00, 0x32, 0x52,
	0x00, 0x00, 0x33, 0x82, 0x00, 0x00, 0x34, 0x7A, 0x00, 0x00, 0x35, 0x2E, 0x00, 0x00, 0x36, 0x0A,
	0x00, 0x00, 0x36, 0x0A, 0x00, 0x00, 0x36, 0x0A, 0x00, 0x00, 0x36, 0x0A, 0x00, 0x00, 0x36, 0x0A,
	0x00, 0x00, 0x36, 0x0A, 0x00, 0x00, 0x36, 0x0A, 0x00, 0x00, 0x36, 0xE6, 0x00, 0x00, 0x37, 0xD2,
	0x00, 0x00, 0x38, 0x8A, 0x00, 0x00, 0x39, 0x78, 0x00, 0x00, 0x3A, 0x3A, 0x00, 0x00, 0x3A, 0xF8,
	0x00, 0x00, 0x3C, 0x00, 0x00, 0x00, 0x3C, 0xFC, 0x00, 0x00, 0x3D, 0xDE, 0x00, 0x00, 0x3E, 0xE2,
	0x00, 0x00, 0x3F, 0xC6, 0x00, 0x00, 0x40, 0x50, 0x00, 0x00, 0x41, 0xB2, 0x00, 0x00, 0x42, 0xB8,
	0x00, 0x00, 0x43, 0x40, 0x00, 0x00, 0x44, 0x2C, 0x00, 0x00, 0x45, 0x1A, 0x00, 0x00, 0x45, 0xE2,
	0x00, 0x00, 0x46, 0xBE, 0x00, 0x00, 0x47, 0xB8, 0x00, 0x00, 0x48, 0x78, 0x00, 0x00, 0x49, 0x08,
	0x00, 0x00, 0x4A, 0x6C, 0x00, 0x00, 0x4B, 0x62, 0x00, 0x00, 0x4C, 0x20, 0x00, 0x00, 0x4D, 0x2E,
	0x00, 0x00, 0x4D, 0x2E, 0x00, 0x00, 0x4D, 0x2E, 0x00, 0x00, 0x4D, 0x2E, 0x00, 0x00, 0x4D, 0x2E,
	0x00, 0x00, 0x4E, 0x54, 0x00, 0x00, 0x4E, 0x54, 0x00, 0x00, 0x4E, 0xE6, 0x00, 0x00, 0x4F, 0x78,
	0x00, 0x00, 0x4F, 0xD2, 0x00, 0x00, 0x50, 0x2C, 0x00, 0x02, 0x00, 0x00, 0x00, 0x00, 0x00, 0x00,
	0xFF, 0x7B, 0x00, 0x14, 0x00, 0x00, 0x00, 0x00, 0x00, 0x00, 0x00, 0x00, 0x00, 0x00, 0x00, 0x00,
	0x00, 0x00, 0x00, 0x00, 0x00, 0x00, 0x00, 0x00, 0x00, 0x68, 0x00, 0x00, 0x00, 0x01, 0x00, 0x02,
	0x00, 0x03, 0x00, 0x04, 0x00, 0x05, 0x00, 0x06, 0x00, 0x07, 0x00, 0x08, 0x00, 0x09, 0x00, 0x0A,
	0x00, 0x0B, 0x00, 0x0C, 0x00, 0x0D, 0x00, 0x0E, 0x00, 0x0F, 0x00, 0x10, 0x00, 0x11, 0x00, 0x12,
	0x00, 0x13, 0x00, 0x14, 0x00, 0x15, 0x00, 0x16, 0x00, 0x17, 0x00, 0x18, 0x00, 0x19, 0x00, 0x1A,
	0x00, 0x1B, 0x00, 0x1C, 0x00, 0x1D, 0x00, 0x1E, 0x00, 0x1F, 0x00, 0x20, 0x00, 0x21, 0x00, 0x22,
	0x00, 0x23, 0x00, 0x24, 0x00, 0x25, 0x00, 0x26, 0x00, 0x27, 0x00, 0x28, 0x00, 0x29, 0x00, 0x2A,
	0x00, 0x2B, 0x00, 0x2C, 0x00, 0x2D, 0x00, 0x2E, 0x00, 0x2F, 0x00, 0x30, 0x00, 0x31, 0x00, 0x32,
	0x00, 0x33, 0x00, 0x34, 0x00, 0x35, 0x00, 0x36, 0x00, 0x37, 0x00, 0x38, 0x00, 0x39, 0x00, 0x3A,
	0x00, 0x3B, 0x00, 0x3C, 0x00, 0x3D, 0x00, 0x3E, 0x00, 0x3F, 0x00, 0x40, 0x00, 0x41, 0x00, 0x42,
	0x00, 0x43, 0x00, 0x44, 0x00, 0x45, 0x00, 0x46, 0x00, 0x47, 0x00, 0x48, 0x00, 0x49, 0x00, 0x4A,
	0x00, 0x4B, 0x00, 0x4C, 0x00, 0x4D, 0x00, 0x4E, 0x00, 0x4F, 0x00, 0x50, 0x00, 0x51, 0x00, 0x52,
	0x00, 0x53, 0x00, 0x54, 0x00, 0x55, 0x00, 0x56, 0x00, 0x57, 0x00, 0x58, 0x00, 0x59, 0x00, 0x5A,
	0x00, 0x5B, 0x00, 0x5C, 0x00, 0x5D, 0x00, 0x5E, 0x00, 0x5F, 0x00, 0x60, 0x00, 0x61, 0x00, 0x84,
	0x00, 0xAC, 0x00, 0xB4, 0x00, 0xB5, 0x00, 0xB6, 0x00, 0xB7, 0x00, 0x00, 0x00, 0x00, 0x00, 0x03,
	0x00, 0x00, 0x00, 0x00, 0x00, 0x00, 0x01, 0x24, 0x00, 0x01, 0x00, 0x00, 0x00, 0x00, 0x00, 0x1C,
	0x00, 0x03, 0x00, 0x01, 0x00, 0x00, 0x01, 0x24, 0x00, 0x00, 0x01, 0x06, 0x00, 0x00, 0x01, 0x00,
	0x00, 0x00, 0x00, 0x00, 0x00, 0x00, 0x01, 0x03, 0x00, 0x00, 0x00, 0x02, 0x00, 0x00, 0x00, 0x00,
	0x00, 0x00, 0x00, 0x00, 0x00, 0x00, 0x00, 0x00, 0x00, 0x00, 0x00, 0x01, 0x00, 0x00, 0x03, 0x04,
	0x05, 0x06, 0x07, 0x08, 0x09, 0x0A, 0x0B, 0x0C, 0x0D, 0x0E, 0x0F, 0x10, 0x11, 0x12, 0x13, 0x14,
	0x15, 0x16, 0x17, 0x18, 0x19, 0x1A, 0x1B, 0x1C, 0x1D, 0x1E, 0x1F, 0x20, 0x21, 0x22, 0x23, 0x24,
	0x25, 0x26, 0x27, 0x28, 0x29, 0x2A, 0x2B, 0x2C, 0x2D, 0x2E, 0x2F, 0x30, 0x31, 0x32, 0x33, 0x34,
	0x35, 0x36, 0x37, 0x38, 0x39, 0x3A, 0x3B, 0x3C, 0x3D, 0x3E, 0x3F, 0x40, 0x41, 0x42, 0x43, 0x44,
	0x45, 0x46, 0x47, 0x48, 0x49, 0x4A, 0x4B, 0x4C, 0x4D, 0x4E, 0x4F, 0x50, 0x51, 0x52, 0x53, 0x54,
	0x55, 0x56, 0x57, 0x58, 0x59, 0x5A, 0x5B, 0x5C, 0x5D, 0x5E, 0x5F, 0x60, 0x61, 0x00, 0x00, 0x00,
	0x00, 0x00, 0x00, 0x00, 0x00, 0x00, 0x00, 0x00, 0x00, 0x00, 0x00, 0x00, 0x00, 0x00, 0x00, 0x00,
	0x00, 0x00, 0x00, 0x00, 0x00, 0x00, 0x00, 0x00, 0x00, 0x00, 0x00, 0x00, 0x00, 0x00, 0x00, 0x00,
	0x62, 0x00, 0x00, 0x00, 0x00, 0x00, 0x00, 0x00, 0x00, 0x00, 0x00, 0x00, 0x00, 0x00, 0x00, 0x00,
	0x00, 0x00, 0x00, 0x00, 0x00, 0x00, 0x00, 0x00, 0x00, 0x00, 0x00, 0x00, 0x00, 0x00, 0x00, 0x00,
	0x00, 0x00, 0x00, 0x00, 0x00, 0x00, 0x00, 0x00, 0x63, 0x00, 0x00, 0x00, 0x00, 0x00, 0x00, 0x00,
	0x64, 0x65, 0x66, 0x67, 0x00, 0x00, 0x00, 0x00, 0x00, 0x00, 0x00, 0x00, 0x00, 0x00, 0x00, 0x00,
	0x00, 0x00, 0x00, 0x00, 0x00, 0x00, 0x00, 0x00, 0x00, 0x00, 0x00, 0x00, 0x00, 0x00, 0x00, 0x00,
	0x00, 0x00, 0x00, 0x00, 0x00, 0x00, 0x00, 0x00, 0x00, 0x00, 0x00, 0x00, 0x00, 0x00, 0x00, 0x00,
	0x00, 0x04, 0x01, 0x0C, 0x00, 0x00, 0x00, 0x0C, 0x00, 0x08, 0x00, 0x02, 0x00, 0x04, 0x00, 0x7E,
	0x00, 0xA0, 0x00, 0xA2, 0x20, 0x19, 0x20, 0x1D, 0xFF, 0xFF, 0x00, 0x00, 0x00, 0x20, 0x00, 0xA0,
	0x00, 0xA2, 0x20, 0x18, 0x20, 0x1C, 0xFF, 0xFF, 0x00, 0x00, 0x00, 0x00, 0x00, 0x00, 0x00, 0x00,
	0x00, 0x00, 0x00, 0x01, 0x00, 0x0C, 0x00, 0xC8, 0x00, 0xC8, 0x00, 0xC8, 0x00, 0xCA, 0x00, 0x00,
	0x00, 0x03, 0x00, 0x04, 0x00, 0x05, 0x00, 0x06, 0x00, 0x07, 0x00, 0x08, 0x00, 0x09, 0x00, 0x0A,
	0x00, 0x0B, 0x00, 0x0C, 0x00, 0x0D, 0x00, 0x0E, 0x00, 0x0F, 0x00, 0x10, 0x00, 0x11, 0x00, 0x12,
	0x00, 0x13, 0x00, 0x14, 0x00, 0x15, 0x00, 0x16, 0x00, 0x17, 0x00, 0x18, 0x00, 0x19, 0x00, 0x1A,
	0x00, 0x1B, 0x00, 0x1C, 0x00, 0x1D, 0x00, 0x1E, 0x00, 0x1F, 0x00, 0x20, 0x00, 0x21, 0x00, 0x22,
	0x00, 0x23, 0x00, 0x24, 0x00, 0x25, 0x00, 0x26, 0x00, 0x27, 0x00, 0x28, 0x00, 0x29, 0x00, 0x2A,
	0x00, 0x2B, 0x00, 0x2C, 0x00, 0x2D, 0x00, 0x2E, 0x00, 0x2F, 0x00, 0x30, 0x00, 0x31, 0x00, 0x32,
	0x00, 0x33, 0x00, 0x34, 0x00, 0x35, 0x00, 0x36, 0x00, 0x37, 0x00, 0x38, 0x00, 0x39, 0x00, 0x3A,
	0x00, 0x3B, 0x00, 0x3C, 0x00, 0x3D, 0x00, 0x3E, 0x00, 0x3F, 0x00, 0x40, 0x00, 0x41, 0x00, 0x42,
	0x00, 0x43, 0x00, 0x44, 0x00, 0x45, 0x00, 0x46, 0x00, 0x47, 0x00, 0x48, 0x00, 0x49, 0x00, 0x4A,
	0x00, 0x4B, 0x00, 0x4C, 0x00, 0x4D, 0x00, 0x4E, 0x00, 0x4F, 0x00, 0x50, 0x00, 0x51, 0x00, 0x52,
	0x00, 0x53, 0x00, 0x54, 0x00, 0x55, 0x00, 0x56, 0x00, 0x57, 0x00, 0x58, 0x00, 0x59, 0x00, 0x5A,
	0x00, 0x5B, 0x00, 0x5C, 0x00, 0x5D, 0x00, 0x5E, 0x00, 0x5F, 0x00, 0x60, 0x00, 0x61, 0x00, 0x63,
	0x00, 0x62, 0x00, 0x66, 0x00, 0x67, 0x00, 0x64, 0x00, 0x65, 0x00, 0xD3, 0x03, 0x0D, 0x00, 0x30,
	0x00, 0x00, 0x00, 0x00, 0x00, 0xFA, 0x00, 0x00, 0x00, 0xFA, 0x00, 0x00, 0x00, 0xCC, 0x00, 0x1F,
	0x01, 0x32, 0x00, 0x12, 0x01, 0xE0, 0x00, 0x14, 0x01, 0x32, 0xFF, 0xFE, 0x02, 0xBE, 0x00, 0x1B,
	0x02, 0x2E, 0x00, 0x11, 0x00, 0x9C, 0x00, 0x12, 0x01, 0x08, 0x00, 0x1E, 0x01, 0x08, 0x00, 0x17,
	0x01, 0x80, 0x00, 0x17, 0x01, 0xBC, 0x00, 0x15, 0x00, 0xC0, 0xFF, 0xDF, 0x01, 0x8C, 0x00, 0x30,
	0x00, 0xBA, 0x00, 0x18, 0x02, 0x0A, 0x00, 0x00, 0x01, 0xE0, 0x00, 0x12, 0x01, 0x3E, 0x00, 0x08,
	0x02, 0x22, 0x00, 0x0C, 0x01, 0xE6, 0x00, 0x02, 0x02, 0x3A, 0x00, 0x0A, 0x02, 0x0A, 0xFF, 0xFC,
	0x01, 0xE6, 0x00, 0x1A, 0x01, 0xE0, 0x00, 0x0C, 0x01, 0xBC, 0x00, 0x14, 0x01, 0xEC, 0x00, 0x1B,
	0x00, 0xE4, 0x00, 0x18, 0x00, 0xC0, 0xFF, 0xC7, 0x02, 0x46, 0x00, 0x0E, 0x01, 0x8C, 0x00, 0x30,
	0x01, 0xE6, 0x00, 0x1A, 0x01, 0x9E, 0x00, 0x06, 0x02, 0x64, 0x00, 0x2D, 0x02, 0x6B, 0x00, 0x1B,
	0x01, 0xEC, 0x00, 0x21, 0x01, 0xC5, 0x00, 0x14, 0x01, 0xE6, 0x00, 0x29, 0x01, 0xAA, 0x00, 0x2D,
	0x01, 0xA4, 0x00, 0x2D, 0x01, 0xE0, 0x00, 0x14, 0x01, 0xEC, 0x00, 0x1B, 0x00, 0xF0, 0x00, 0x1A,
	0x01, 0xB0, 0x00, 0x01, 0x02, 0x2A, 0x00, 0x17, 0x01, 0xA4, 0x00, 0x15, 0x03, 0x9C, 0x00, 0x31,
	0x02, 0x58, 0x00, 0x2C, 0x02, 0x1C, 0x00, 0x21, 0x01, 0xB0, 0x00, 0x24, 0x02, 0x40, 0x00, 0x1E,
	0x02, 0x3A, 0x00, 0x19, 0x01, 0xE3, 0x00, 0x09, 0x01, 0xE0, 0x00, 0x0A, 0x02, 0x1C, 0x00, 0x1D,
	0x02, 0x1C, 0x00, 0x02, 0x03, 0xAE, 0x00, 0x09, 0x02, 0x5E, 0x00, 0x03, 0x02, 0x46, 0x00, 0x16,
	0x02, 0x58, 0x00, 0x00, 0x00, 0xFA, 0x00, 0x00, 0x00, 0xFA, 0x00, 0x00, 0x00, 0xFA, 0x00, 0x00,
	0x00, 0xFA, 0x00, 0x00, 0x00, 0xFA, 0x00, 0x00, 0x00, 0xFA, 0x00, 0x00, 0x02, 0x16, 0x00, 0x09,
	0x01, 0xB0, 0x00, 0x1E, 0x01, 0x78, 0x00, 0x16, 0x01, 0xB0, 0x00, 0x12, 0x01, 0x7A, 0x00, 0x1D,
	0x01, 0x62, 0x00, 0x03, 0x01, 0xA4, 0x00, 0x15, 0x01, 0xDA, 0x00, 0x2E, 0x00, 0xCC, 0x00, 0x1D,
	0x00, 0xD1, 0xFF, 0xBE, 0x01, 0xE0, 0x00, 0x22, 0x00, 0xCC, 0x00, 0x17, 0x02, 0xD0, 0x00, 0x21,
	0x01, 0xEC, 0x00, 0x21, 0x01, 0x9E, 0x00, 0x12, 0x01, 0xB0, 0x00, 0x1E, 0x01, 0xB0, 0x00, 0x18,
	0x01, 0x7C, 0x00, 0x16, 0x01, 0x6E, 0x00, 0x03, 0x01, 0x62, 0xFF, 0xE5, 0x01, 0x9E, 0x00, 0x24,
	0x01, 0xBC, 0xFF, 0xE4, 0x02, 0xCA, 0xFF, 0xE8, 0x01, 0x9E, 0xFF, 0xFB, 0x01, 0xD4, 0xFF, 0xF8,
	0x01, 0xE0, 0x00, 0x0B, 0x00, 0xFA, 0x00, 0x00, 0x00, 0xFA, 0x00, 0x00, 0x00, 0xFA, 0x00, 0x00,
	0x00, 0xFA, 0x00, 0x00, 0x01, 0x1A, 0x00, 0x12, 0x01, 0xF4, 0x00, 0x00, 0x01, 0x7A, 0x00, 0x0F,
	0x01, 0x8C, 0x00, 0x17, 0x00, 0xE4, 0x00, 0x0F, 0x00, 0xFC, 0x00, 0x17, 0x00, 0x00, 0x00, 0x00,
	0x00, 0x7E, 0x00, 0x04, 0x00, 0x1E, 0x00, 0x3A, 0x03, 0x1F, 0xFF, 0xE2, 0x00, 0x1B, 0x00, 0x2A,
	0x03, 0x21, 0x02, 0x12, 0x00, 0x48, 0x00, 0x55, 0x00, 0x48, 0x00, 0x50, 0x00, 0x53, 0x00, 0x55,
	0x00, 0x57, 0x00, 0x59, 0x00, 0x96, 0x00, 0x98, 0x02, 0xA2, 0x00, 0xD6, 0x00, 0x5B, 0x00, 0x67,
	0x00, 0x46, 0x00, 0x5C, 0x00, 0x7E, 0x00, 0xAB, 0x00, 0x09, 0x03, 0x11, 0x00, 0xA8, 0x00, 0x62,
	0x00, 0x64, 0x00, 0x33, 0x00, 0x65, 0x03, 0x2B, 0xFF, 0xE6, 0x00, 0xA0, 0x00, 0x65, 0x00, 0x8A,
	0x00, 0x8A, 0x03, 0x12, 0x02, 0x2A, 0x00, 0x0F, 0x03, 0x37, 0xFF, 0xF1, 0x00, 0x0D, 0x03, 0x39,
	0xFF, 0xF3, 0x00, 0x64, 0x00, 0x77, 0x00, 0x78, 0x00, 0x7B, 0x00, 0xC5, 0x00, 0x59, 0x00, 0x6D,
	0x03, 0x0A, 0x01, 0xCC, 0x00, 0x6F, 0x00, 0x7F, 0x02, 0x75, 0x00, 0xE8, 0x00, 0x84, 0x00, 0x57,
	0xFF, 0x7C, 0x00, 0x6E, 0x00, 0x73, 0x01, 0x98, 0x00, 0xFD, 0x00, 0x9C, 0x00, 0x0E, 0x03, 0x30,
	0xFF, 0xF2, 0x00, 0x9C, 0x00, 0x8B, 0xFF, 0xDC, 0x00, 0x18, 0xFF, 0xE8, 0x00, 0x99, 0x00, 0xB0,
	0x00, 0x1C, 0x00, 0x27, 0x00, 0x7D, 0xFF, 0xD9, 0x00, 0x90, 0x00, 0x9E, 0x00, 0xBA, 0x00, 0x9A,
	0xFF, 0xEC, 0x00, 0x91, 0x00, 0x23, 0x03, 0x3A, 0xFF, 0xDD, 0x00, 0xBB, 0x00, 0x7E, 0x00, 0xC6,
	0x03, 0x27, 0xFF, 0xCA, 0x00, 0x72, 0x00, 0xAE, 0x03, 0x32, 0xFF, 0xEA, 0x00, 0x9A, 0x00, 0x24,
	0x03, 0x38, 0x00, 0x66, 0x00, 0x72, 0x00, 0x8D, 0x00, 0xA9, 0xFF, 0xE4, 0x02, 0x22, 0x00, 0x56,
	0xFF, 0x88, 0x00, 0x50, 0x00, 0x52, 0x00, 0x60, 0x00, 0x68, 0x00, 0x42, 0x00, 0x43, 0x00, 0x4C,
	0x00, 0x54, 0x00, 0xA0, 0x00, 0x78, 0x03, 0x05, 0x02, 0x36, 0x00, 0x7D, 0x00, 0x8E, 0x00, 0xC6,
	0x03, 0x28, 0xFF, 0xDA, 0x00, 0xA2, 0x00, 0xAF, 0x00, 0xB3, 0x00, 0x47, 0x00, 0x4F, 0x00, 0x98,
	0x00, 0xB9, 0x00, 0x80, 0x02, 0x44, 0x00, 0xCD, 0x00, 0xD3, 0x00, 0x82, 0x00, 0x1B, 0x00, 0xAA,
	0x03, 0x33, 0xFF, 0xE5, 0x00, 0x6B, 0x00, 0x6F, 0x00, 0x8E, 0x00, 0x92, 0x03, 0x1D, 0xFF, 0xD4,
	0x00, 0x88, 0x00, 0x86, 0x00, 0x7D, 0x00, 0x98, 0x00, 0x75, 0x00, 0x2B, 0x00, 0xBC, 0xFF, 0xD5,
	0x00, 0x88, 0x00, 0x89, 0x00, 0x8E, 0x00, 0x22, 0x03, 0x36, 0xFF, 0xDE, 0x00, 0x8C, 0x00, 0x19,
	0x03, 0x2D, 0xFF, 0xE7, 0x00, 0x5F, 0x00, 0x97, 0x00, 0x6A, 0x00, 0x82, 0x00, 0x84, 0x00, 0x86,
	0x00, 0x0B, 0x00, 0x32, 0x03, 0x40, 0xFF, 0xCE, 0x00, 0x12, 0x03, 0x2A, 0xFF, 0xEE, 0x00, 0xA2,
	0xFF, 0xE0, 0x00, 0xB1, 0x00, 0xC0, 0x03, 0x35, 0x00, 0xB4, 0x00, 0x1F, 0x00, 0x20, 0x03, 0x31,
	0x00, 0xC3, 0x00, 0x0C, 0x00, 0x63, 0x03, 0x2E, 0x00, 0x93, 0x00, 0x97, 0x00, 0x77, 0x00, 0x92,
	0x00, 0xA5, 0x00, 0x1A, 0x03, 0x43, 0x00, 0x70, 0x00, 0xB6, 0x03, 0x24, 0xFF, 0xAA, 0x00, 0x79,
	0x00, 0x11, 0x00, 0x29, 0xFF, 0xD7, 0x00, 0x7A, 0x00, 0xB1, 0xFF, 0xDB, 0x03, 0x2F, 0x00, 0xA1,
	0x00, 0xC0, 0x00, 0x3C, 0xFF, 0xC4, 0x00, 0x76, 0x00, 0x08, 0x03, 0x42, 0xFF, 0xF4, 0x00, 0x66,
	0x00, 0x0A, 0x02, 0x2E, 0xFF, 0xD6, 0x00, 0x6C, 0x00, 0x6D, 0x00, 0x60, 0x00, 0x16, 0x00, 0x36,
	0x02, 0xFD, 0x00, 0x6A, 0x02, 0x34, 0x00, 0x6D, 0x02, 0x37, 0x03, 0x45, 0x00, 0xC8, 0x02, 0x39,
	0xFF, 0x47, 0x00, 0x91, 0x00, 0x94, 0x00, 0xA8, 0x00, 0x2D, 0x03, 0x3F, 0xFF, 0xD3, 0x00, 0xAE,
	0x03, 0x00, 0x00, 0x4D, 0x00, 0x5B, 0x02, 0xF2, 0xFF, 0x54, 0x00, 0x96, 0x03, 0x22, 0x00, 0x61,
	0x00, 0x26, 0x00, 0x2F, 0x00, 0x31, 0x02, 0x3B, 0xFF, 0xD1, 0x00, 0x8B, 0xFF, 0xCF, 0x00, 0x8D,
	0x00, 0x72, 0x02, 0x38, 0xFF, 0x25, 0x02, 0x46, 0x00, 0x8F, 0x00, 0x95, 0x02, 0xC5, 0x00, 0x70,
	0x00, 0x7A, 0x00, 0xB4, 0x00, 0x8F, 0x00, 0x25, 0x02, 0x3D, 0x00, 0xA8, 0x02, 0x3E, 0x00, 0xBE,
	0xFF, 0x42, 0x00, 0x83, 0x00, 0x87, 0x00, 0x28, 0xFF, 0xD8, 0x00, 0x39, 0x00, 0x44, 0x00, 0x52,
	0x00, 0x5A, 0x00, 0xC3, 0x00, 0xC7, 0x02, 0xF5, 0x00, 0x7F, 0x03, 0x19, 0x02, 0x30, 0x03, 0x0E,
	0x02, 0x25, 0x02, 0x32, 0x02, 0x27, 0x00, 0x00, 0x00, 0x00, 0x00, 0xB7, 0x00, 0x05, 0x00, 0x05,
	0x00, 0x00, 0x00, 0x00, 0x00, 0x00, 0x00, 0x00, 0x00, 0x00, 0x00, 0x00, 0x00, 0x00, 0x00, 0x00,
	0x00, 0x00, 0x00, 0x01, 0x00, 0x00, 0x00, 0x00, 0x00, 0x00, 0x00, 0x00, 0x00, 0x00, 0x00, 0x00,
	0x00, 0x00, 0x00, 0x00, 0x00, 0x00, 0x00, 0x00, 0x00, 0x00, 0x00, 0x00, 0x00, 0x00, 0x00, 0x00,
	0x00, 0x00, 0x41, 0x6C, 0x74, 0x73, 0x00, 0x40, 0x00, 0x20, 0x20, 0x1D, 0x03, 0x45, 0xFF, 0x25,
	0x00, 0x00, 0x03, 0x45, 0x00, 0xDB, 0x00, 0x00, 0x00, 0x00, 0x00, 0x10, 0x00, 0x00, 0x00, 0x6C,
	0x09, 0x08, 0x07, 0x00, 0x02, 0x02, 0x02, 0x03, 0x04, 0x03, 0x06, 0x05, 0x01, 0x02, 0x02, 0x03,
	0x04, 0x02, 0x04, 0x02, 0x05, 0x04, 0x03, 0x05, 0x04, 0x05, 0x05, 0x04, 0x04, 0x04, 0x04, 0x02,
	0x02, 0x05, 0x04, 0x04, 0x04, 0x06, 0x06, 0x04, 0x04, 0x04, 0x04, 0x04, 0x04, 0x04, 0x02, 0x04,
	0x05, 0x04, 0x08, 0x05, 0x05, 0x04, 0x05, 0x05, 0x04, 0x04, 0x05, 0x05, 0x08, 0x05, 0x05, 0x05,
	0x02, 0x02, 0x02, 0x02, 0x02, 0x02, 0x05, 0x04, 0x03, 0x04, 0x03, 0x03, 0x04, 0x04, 0x02, 0x02,
	0x04, 0x02, 0x06, 0x04, 0x04, 0x04, 0x04, 0x03, 0x03, 0x03, 0x04, 0x04, 0x06, 0x04, 0x04, 0x04,
	0x02, 0x02, 0x02, 0x02, 0x03, 0x05, 0x03, 0x04, 0x02, 0x02, 0x00, 0x00, 0x0A, 0x09, 0x08, 0x00,
	0x03, 0x03, 0x02, 0x03, 0x05, 0x03, 0x07, 0x06, 0x02, 0x03, 0x03, 0x04, 0x04, 0x02, 0x04, 0x02,
	0x05, 0x05, 0x03, 0x05, 0x05, 0x06, 0x05, 0x05, 0x05, 0x04, 0x05, 0x02, 0x02, 0x06, 0x04, 0x05,
	0x04, 0x06, 0x06, 0x05, 0x05, 0x05, 0x04, 0x04, 0x05, 0x05, 0x02, 0x04, 0x06, 0x04, 0x09, 0x06,
	0x05, 0x04, 0x06, 0x06, 0x05, 0x05, 0x05, 0x05, 0x09, 0x06, 0x06, 0x06, 0x03, 0x03, 0x03, 0x03,
	0x03, 0x03, 0x05, 0x04, 0x04, 0x04, 0x04, 0x04, 0x04, 0x05, 0x02, 0x02, 0x05, 0x02, 0x07, 0x05,
	0x04, 0x04, 0x04, 0x04, 0x04, 0x04, 0x04, 0x04, 0x07, 0x04, 0x05, 0x05, 0x03, 0x03, 0x03, 0x03,
	0x03, 0x05, 0x04, 0x04, 0x02, 0x03, 0x00, 0x00, 0x0B, 0x0A, 0x09, 0x00, 0x03, 0x03, 0x02, 0x03,
	0x05, 0x03, 0x08, 0x06, 0x02, 0x03, 0x03, 0x04, 0x05, 0x02, 0x04, 0x02, 0x06, 0x05, 0x03, 0x06,
	0x05, 0x06, 0x06, 0x05, 0x05, 0x05, 0x05, 0x03, 0x02, 0x06, 0x04, 0x05, 0x05, 0x07, 0x07, 0x05,
	0x05, 0x05, 0x05, 0x05, 0x05, 0x05, 0x03, 0x05, 0x06, 0x05, 0x0A, 0x07, 0x06, 0x05, 0x06, 0x06,
	0x05, 0x05, 0x06, 0x06, 0x0A, 0x07, 0x06, 0x07, 0x03, 0x03, 0x03, 0x03, 0x03, 0x03, 0x06, 0x05,
	0x04, 0x05, 0x04, 0x04, 0x05, 0x05, 0x02, 0x02, 0x05, 0x02, 0x08, 0x05, 0x05, 0x05, 0x05, 0x04,
	0x04, 0x04, 0x05, 0x05, 0x08, 0x05, 0x05, 0x05, 0x03, 0x03, 0x03, 0x03, 0x03, 0x06, 0x04, 0x04,
	0x03, 0x03, 0x00, 0x00, 0x0C, 0x0B, 0x09, 0x00, 0x03, 0x03, 0x02, 0x04, 0x06, 0x04, 0x08, 0x07,
	0x02, 0x03, 0x03, 0x05, 0x05, 0x02, 0x05, 0x02, 0x06, 0x06, 0x04, 0x07, 0x06, 0x07, 0x06, 0x06,
	0x06, 0x05, 0x06, 0x03, 0x02, 0x07, 0x05, 0x06, 0x05, 0x07, 0x07, 0x06, 0x05, 0x06, 0x05, 0x05,
	0x06, 0x06, 0x03, 0x05, 0x07, 0x05, 0x0B, 0x07, 0x06, 0x05, 0x07, 0x07, 0x06, 0x06, 0x06, 0x06,
	0x0B, 0x07, 0x07, 0x07, 0x03, 0x03, 0x03, 0x03, 0x03, 0x03, 0x06, 0x05, 0x05, 0x05, 0x05, 0x04,
	0x05, 0x06, 0x02, 0x03, 0x06, 0x02, 0x09, 0x06, 0x05, 0x05, 0x05, 0x05, 0x04, 0x04, 0x05, 0x05,
	0x09, 0x05, 0x06, 0x06, 0x03, 0x03, 0x03, 0x03, 0x03, 0x06, 0x05, 0x05, 0x03, 0x03, 0x00, 0x00,
	0x0D, 0x0C, 0x0A, 0x00, 0x03, 0x03, 0x03, 0x04, 0x06, 0x04, 0x09, 0x07, 0x02, 0x03, 0x03, 0x05,
	0x06, 0x02, 0x05, 0x02, 0x07, 0x06, 0x04, 0x07, 0x06, 0x07, 0x07, 0x06, 0x06, 0x06, 0x06, 0x03,
	0x02, 0x08, 0x05, 0x06, 0x05, 0x08, 0x08, 0x06, 0x06, 0x06, 0x06, 0x05, 0x06, 0x06, 0x03, 0x06,
	0x07, 0x05, 0x0C, 0x08, 0x07, 0x06, 0x07, 0x07, 0x06, 0x06, 0x07, 0x07, 0x0C, 0x08, 0x08, 0x08,
	0x03, 0x03, 0x03, 0x03, 0x03, 0x03, 0x07, 0x06, 0x05, 0x06, 0x05, 0x05, 0x05, 0x06, 0x03, 0x03,
	0x06, 0x03, 0x09, 0x06, 0x05, 0x06, 0x06, 0x05, 0x05, 0x05, 0x05, 0x06, 0x09, 0x05, 0x06, 0x06,
	0x03, 0x03, 0x03, 0x03, 0x04, 0x07, 0x05, 0x05, 0x03, 0x03, 0x00, 0x00, 0x0E, 0x0D, 0x0B, 0x00,
	0x04, 0x04, 0x03, 0x04, 0x07, 0x04, 0x0A, 0x08, 0x02, 0x04, 0x04, 0x05, 0x06, 0x03, 0x06, 0x03,
	0x07, 0x07, 0x04, 0x08, 0x07, 0x08, 0x07, 0x07, 0x07, 0x06, 0x07, 0x03, 0x03, 0x08, 0x06, 0x07,
	0x06, 0x09, 0x09, 0x07, 0x06, 0x07, 0x06, 0x06, 0x07, 0x07, 0x03, 0x06, 0x08, 0x06, 0x0D, 0x08,
	0x08, 0x06, 0x08, 0x08, 0x07, 0x07, 0x08, 0x08, 0x0D, 0x08, 0x08, 0x08, 0x04, 0x04, 0x04, 0x04,
	0x04, 0x04, 0x07, 0x06, 0x05, 0x06, 0x05, 0x05, 0x06, 0x07, 0x03, 0x03, 0x07, 0x03, 0x0A, 0x07,
	0x06, 0x06, 0x06, 0x05, 0x05, 0x05, 0x06, 0x06, 0x0A, 0x06, 0x07, 0x07, 0x04, 0x04, 0x04, 0x04,
	0x04, 0x07, 0x05, 0x06, 0x03, 0x04, 0x00, 0x00, 0x0F, 0x0E, 0x0C, 0x00, 0x04, 0x04, 0x03, 0x05,
	0x07, 0x05, 0x0B, 0x08, 0x02, 0x04, 0x04, 0x06, 0x07, 0x03, 0x06, 0x03, 0x08, 0x07, 0x05, 0x08,
	0x07, 0x09, 0x08, 0x07, 0x07, 0x07, 0x07, 0x03, 0x03, 0x09, 0x06, 0x07, 0x06, 0x09, 0x09, 0x07,
	0x07, 0x07, 0x06, 0x06, 0x07, 0x07, 0x04, 0x06, 0x08, 0x06, 0x0E, 0x09, 0x08, 0x06, 0x09, 0x09,
	0x07, 0x07, 0x08, 0x08, 0x0E, 0x09, 0x09, 0x09, 0x04, 0x04, 0x04, 0x04, 0x04, 0x04, 0x08, 0x06,
	0x06, 0x06, 0x06, 0x05, 0x06, 0x07, 0x03, 0x03, 0x07, 0x03, 0x0B, 0x07, 0x06, 0x06, 0x06, 0x06,
	0x05, 0x05, 0x06, 0x07, 0x0B, 0x06, 0x07, 0x07, 0x04, 0x04, 0x04, 0x04, 0x04, 0x08, 0x06, 0x06,
	0x03, 0x04, 0x00, 0x00, 0x10, 0x0F, 0x0C, 0x00, 0x04, 0x04, 0x03, 0x05, 0x08, 0x05, 0x0B, 0x09,
	0x02, 0x04, 0x04, 0x06, 0x07, 0x03, 0x06, 0x03, 0x08, 0x08, 0x05, 0x09, 0x08, 0x09, 0x08, 0x08,
	0x08, 0x07, 0x08, 0x04, 0x03, 0x09, 0x06, 0x08, 0x07, 0x0A, 0x0A, 0x08, 0x07, 0x08, 0x07, 0x07,
	0x08, 0x08, 0x04, 0x07, 0x09, 0x07, 0x0F, 0x0A, 0x09, 0x07, 0x09, 0x09, 0x08, 0x08, 0x09, 0x09,
	0x0F, 0x0A, 0x09, 0x0A, 0x04, 0x04, 0x04, 0x04, 0x04, 0x04, 0x09, 0x07, 0x06, 0x07, 0x06, 0x06,
	0x07, 0x08, 0x03, 0x03, 0x08, 0x03, 0x0C, 0x08, 0x07, 0x07, 0x07, 0x06, 0x06, 0x06, 0x07, 0x07,
	0x0B, 0x07, 0x07, 0x08, 0x04, 0x04, 0x04, 0x04, 0x05, 0x08, 0x06, 0x06, 0x04, 0x04, 0x00, 0x00,
	0x11, 0x10, 0x0D, 0x00, 0x04, 0x04, 0x03, 0x05, 0x08, 0x05, 0x0C, 0x09, 0x03, 0x04, 0x04, 0x07,
	0x08, 0x03, 0x07, 0x03, 0x09, 0x08, 0x05, 0x09, 0x08, 0x0A, 0x09, 0x08, 0x08, 0x08, 0x08, 0x04,
	0x03, 0x0A, 0x07, 0x08, 0x07, 0x0A, 0x0B, 0x08, 0x08, 0x08, 0x07, 0x07, 0x08, 0x08, 0x04, 0x07,
	0x09, 0x07, 0x10, 0x0A, 0x09, 0x07, 0x0A, 0x0A, 0x08, 0x08, 0x09, 0x09, 0x10, 0x0A, 0x0A, 0x0A,
	0x04, 0x04, 0x04, 0x04, 0x04, 0x04, 0x09, 0x07, 0x06, 0x07, 0x06, 0x06, 0x07, 0x08, 0x03, 0x04,
	0x08, 0x03, 0x0C, 0x08, 0x07, 0x07, 0x07, 0x06, 0x06, 0x06, 0x07, 0x08, 0x0C, 0x07, 0x08, 0x08,
	0x04, 0x04, 0x04, 0x04, 0x05, 0x09, 0x06, 0x07, 0x04, 0x04, 0x00, 0x00, 0x12, 0x11, 0x0E, 0x00,
	0x05, 0x05, 0x04, 0x06, 0x09, 0x06, 0x0D, 0x0A, 0x03, 0x05, 0x05, 0x07, 0x08, 0x03, 0x07, 0x03,
	0x09, 0x09, 0x06, 0x0A, 0x09, 0x0A, 0x09, 0x09, 0x09, 0x08, 0x09, 0x04, 0x03, 0x0A, 0x07, 0x09,
	0x07, 0x0B, 0x0B, 0x09, 0x08, 0x09, 0x08, 0x08, 0x09, 0x09, 0x04, 0x08, 0x0A, 0x08, 0x11, 0x0B,
	0x0A, 0x08, 0x0A, 0x0A, 0x09, 0x09, 0x0A, 0x0A, 0x11, 0x0B, 0x0A, 0x0B, 0x05, 0x05, 0x05, 0x05,
	0x05, 0x05, 0x0A, 0x08, 0x07, 0x08, 0x07, 0x06, 0x08, 0x09, 0x04, 0x04, 0x09, 0x04, 0x0D, 0x09,
	0x07, 0x08, 0x08, 0x07, 0x07, 0x06, 0x07, 0x08, 0x0D, 0x07, 0x08, 0x09, 0x05, 0x05, 0x05, 0x05,
	0x05, 0x09, 0x07, 0x07, 0x04, 0x05, 0x00, 0x00, 0x13, 0x12, 0x0F, 0x00, 0x05, 0x05, 0x04, 0x06,
	0x09, 0x06, 0x0D, 0x0B, 0x03, 0x05, 0x05, 0x07, 0x08, 0x04, 0x08, 0x04, 0x0A, 0x09, 0x06, 0x0A,
	0x09, 0x0B, 0x0A, 0x09, 0x09, 0x08, 0x09, 0x04, 0x04, 0x0B, 0x08, 0x09, 0x08, 0x0C, 0x0C, 0x09,
	0x09, 0x09, 0x08, 0x08, 0x09, 0x09, 0x05, 0x08, 0x0B, 0x08, 0x12, 0x0B, 0x0A, 0x08, 0x0B, 0x0B,
	0x09, 0x09, 0x0A, 0x0A, 0x12, 0x0C, 0x0B, 0x0B, 0x05, 0x05, 0x05, 0x05, 0x05, 0x05, 0x0A, 0x08,
	0x07, 0x08, 0x07, 0x07, 0x08, 0x09, 0x04, 0x04, 0x09, 0x04, 0x0E, 0x09, 0x08, 0x08, 0x08, 0x07,
	0x07, 0x07, 0x08, 0x08, 0x0E, 0x08, 0x09, 0x09, 0x05, 0x05, 0x05, 0x05, 0x05, 0x0A, 0x07, 0x08,
	0x04, 0x05, 0x00, 0x00, 0x14, 0x13, 0x10, 0x00, 0x05, 0x05, 0x04, 0x06, 0x0A, 0x06, 0x0E, 0x0B,
	0x03, 0x05, 0x05, 0x08, 0x09, 0x04, 0x08, 0x04, 0x0A, 0x0A, 0x06, 0x0B, 0x0A, 0x0B, 0x0A, 0x0A,
	0x0A, 0x09, 0x0A, 0x05, 0x04, 0x0C, 0x08, 0x0A, 0x08, 0x0C, 0x0C, 0x0A, 0x09, 0x0A, 0x09, 0x08,
	0x0A, 0x0A, 0x05, 0x09, 0x0B, 0x08, 0x12, 0x0C, 0x0B, 0x09, 0x0C, 0x0B, 0x0A, 0x0A, 0x0B, 0x0B,
	0x13, 0x0C, 0x0C, 0x0C, 0x05, 0x05, 0x05, 0x05, 0x05, 0x05, 0x0B, 0x09, 0x08, 0x09, 0x08, 0x07,
	0x08, 0x09, 0x04, 0x04, 0x0A, 0x04, 0x0E, 0x0A, 0x08, 0x09, 0x09, 0x08, 0x07, 0x07, 0x08, 0x09,
	0x0E, 0x08, 0x09, 0x0A, 0x05, 0x05, 0x05, 0x05, 0x06, 0x0A, 0x08, 0x08, 0x05, 0x05, 0x00, 0x00,
	0x15, 0x14, 0x10, 0x00, 0x05, 0x05, 0x04, 0x06, 0x0A, 0x06, 0x0F, 0x0C, 0x03, 0x06, 0x06, 0x08,
	0x09, 0x04, 0x08, 0x04, 0x0B, 0x0A, 0x07, 0x0B, 0x0A, 0x0C, 0x0B, 0x0A, 0x0A, 0x09, 0x0A, 0x05,
	0x04, 0x0C, 0x08, 0x0A, 0x09, 0x0D, 0x0D, 0x0A, 0x0A, 0x0A, 0x09, 0x09, 0x0A, 0x0A, 0x05, 0x09,
	0x0C, 0x09, 0x13, 0x0D, 0x0B, 0x09, 0x0C, 0x0C, 0x0A, 0x0A, 0x0B, 0x0B, 0x14, 0x0D, 0x0C, 0x0D,
	0x05, 0x05, 0x05, 0x05, 0x05, 0x05, 0x0B, 0x09, 0x08, 0x09, 0x08, 0x07, 0x09, 0x0A, 0x04, 0x04,
	0x0A, 0x04, 0x0F, 0x0A, 0x09, 0x09, 0x09, 0x08, 0x08, 0x07, 0x09, 0x09, 0x0F, 0x09, 0x0A, 0x0A,
	0x05, 0x05, 0x05, 0x05, 0x06, 0x0B, 0x08, 0x08, 0x05, 0x05, 0x00, 0x00, 0x16, 0x15, 0x11, 0x00,
	0x06, 0x06, 0x04, 0x07, 0x0B, 0x07, 0x0F, 0x0C, 0x03, 0x06, 0x06, 0x08, 0x0A, 0x04, 0x09, 0x04,
	0x0B, 0x0B, 0x07, 0x0C, 0x0B, 0x0D, 0x0B, 0x0B, 0x0B, 0x0A, 0x0B, 0x05, 0x04, 0x0D, 0x09, 0x0B,
	0x09, 0x0D, 0x0E, 0x0B, 0x0A, 0x0B, 0x09, 0x09, 0x0B, 0x0B, 0x05, 0x0A, 0x0C, 0x09, 0x14, 0x0D,
	0x0C, 0x0A, 0x0D, 0x0D, 0x0B, 0x0B, 0x0C, 0x0C, 0x15, 0x0D, 0x0D, 0x0D, 0x06, 0x06, 0x06, 0x06,
	0x06, 0x06, 0x0C, 0x0A, 0x08, 0x0A, 0x08, 0x08, 0x09, 0x0A, 0x04, 0x05, 0x0B, 0x04, 0x10, 0x0B,
	0x09, 0x0A, 0x0A, 0x08, 0x08, 0x08, 0x09, 0x0A, 0x10, 0x09, 0x0A, 0x0B, 0x06, 0x06, 0x06, 0x06,
	0x06, 0x0B, 0x08, 0x09, 0x05, 0x06, 0x00, 0x00, 0x17, 0x16, 0x12, 0x00, 0x06, 0x06, 0x05, 0x07,
	0x0B, 0x07, 0x10, 0x0D, 0x04, 0x06, 0x06, 0x09, 0x0A, 0x04, 0x09, 0x04, 0x0C, 0x0B, 0x07, 0x0D,
	0x0B, 0x0D, 0x0C, 0x0B, 0x0B, 0x0A, 0x0B, 0x05, 0x04, 0x0D, 0x09, 0x0B, 0x0A, 0x0E, 0x0E, 0x0B,
	0x0A, 0x0B, 0x0A, 0x0A, 0x0B, 0x0B, 0x06, 0x0A, 0x0D, 0x0A, 0x15, 0x0E, 0x0C, 0x0A, 0x0D, 0x0D,
	0x0B, 0x0B, 0x0C, 0x0C, 0x16, 0x0E, 0x0D, 0x0E, 0x06, 0x06, 0x06, 0x06, 0x06, 0x06, 0x0C, 0x0A,
	0x09, 0x0A, 0x09, 0x08, 0x0A, 0x0B, 0x05, 0x05, 0x0B, 0x05, 0x11, 0x0B, 0x0A, 0x0A, 0x0A, 0x09,
	0x08, 0x08, 0x0A, 0x0A, 0x10, 0x0A, 0x0B, 0x0B, 0x06, 0x06, 0x06, 0x06, 0x06, 0x0C, 0x09, 0x09,
	0x05, 0x06, 0x00, 0x00, 0x18, 0x17, 0x13, 0x00, 0x06, 0x06, 0x05, 0x07, 0x0C, 0x07, 0x11, 0x0D,
	0x04, 0x06, 0x06, 0x09, 0x0B, 0x05, 0x0A, 0x04, 0x0D, 0x0C, 0x08, 0x0D, 0x0C, 0x0E, 0x0D, 0x0C,
	0x0C, 0x0B, 0x0C, 0x05, 0x05, 0x0E, 0x0A, 0x0C, 0x0A, 0x0F, 0x0F, 0x0C, 0x0B, 0x0C, 0x0A, 0x0A,
	0x0C, 0x0C, 0x06, 0x0A, 0x0D, 0x0A, 0x16, 0x0E, 0x0D, 0x0A, 0x0E, 0x0E, 0x0C, 0x0C, 0x0D, 0x0D,
	0x17, 0x0F, 0x0E, 0x0E, 0x06, 0x06, 0x06, 0x06, 0x06, 0x06, 0x0D, 0x0A, 0x09, 0x0A, 0x09, 0x08,
	0x0A, 0x0B, 0x05, 0x05, 0x0C, 0x05, 0x11, 0x0C, 0x0A, 0x0A, 0x0A, 0x09, 0x09, 0x08, 0x0A, 0x0B,
	0x11, 0x0A, 0x0B, 0x0C, 0x06, 0x06, 0x06, 0x06, 0x07, 0x0C, 0x09, 0x0A, 0x05, 0x06, 0x00, 0x00
};